1, 1, 3, 3, 3, 3 
2, 2, 6, 7, 7, 7 
3, 6, 9, 14, 10, 10 
4, 13, 16, 19, 14, 14 
5, 20, 24, 25, 19, 19 
6, 29, 28, 33, 25, 25 
7, 28, 26, 45, 28, 28 
8, 45, 39, 53, 34, 34 
9, 44, 41, 58, 34, 34 
10, 57, 48, 67, 41, 41 
11, 69, 56, 75, 64, 49 
12, 75, 64, 81, 69, 49 
13, 83, 66, 89, 74, 53 
14, 89, 78, 101, 81, 61 
15, 111, 82, 106, 89, 69 
16, 122, 84, 114, 90, 71 
17, 128, 95, 123, 97, 75 
18, 145, 103, 150, 106, 86 
19, 161, 112, 160, 116, 87 
20, 177, 119, 148, 123, 99 
21, 176, 122, 179, 129, 130 
22, 189, 129, 186, 138, 138 
23, 207, 141, 200, 148, 146 
24, 217, 145, 211, 157, 151 
25, 228, 163, 220, 168, 160 
26, 235, 163, 231, 170, 162 
27, 250, 173, 241, 174, 173 
28, 275, 182, 256, 180, 180 
29, 286, 189, 263, 189, 186 
30, 296, 198, 278, 201, 194 
31, 300, 201, 284, 207, 200 
32, 318, 206, 288, 217, 206 
33, 347, 223, 307, 220, 211 
34, 334, 221, 311, 222, 215 
35, 366, 222, 320, 239, 233 
36, 373, 236, 333, 247, 240 
37, 384, 247, 339, 255, 241 
38, 415, 258, 352, 257, 262 
39, 429, 262, 365, 270, 264 
40, 437, 274, 380, 279, 274 
41, 456, 292, 397, 291, 285 
42, 457, 300, 403, 290, 290 
43, 488, 318, 411, 308, 299 
44, 509, 320, 430, 315, 300 
45, 516, 322, 469, 322, 313 
46, 534, 334, 443, 320, 316 
47, 554, 337, 455, 334, 328 
48, 556, 349, 506, 348, 338 
49, 582, 350, 521, 357, 340 
50, 597, 360, 532, 360, 347 
51, 608, 367, 550, 374, 364 
52, 621, 372, 565, 387, 370 
53, 648, 385, 569, 391, 380 
54, 647, 394, 586, 393, 386 
55, 674, 405, 590, 404, 404 
56, 685, 419, 611, 413, 397 
57, 711, 427, 618, 420, 406 
58, 715, 425, 634, 436, 411 
59, 725, 451, 643, 448, 428 
60, 750, 451, 655, 455, 431 
61, 782, 458, 662, 462, 438 
62, 783, 463, 673, 465, 451 
63, 804, 478, 691, 490, 472 
64, 839, 496, 705, 475, 464 
65, 843, 498, 711, 488, 483 
66, 840, 499, 731, 508, 480 
67, 882, 513, 741, 501, 494 
68, 888, 535, 755, 520, 511 
69, 911, 526, 764, 530, 523 
70, 940, 544, 774, 535, 527 
71, 923, 551, 789, 538, 529 
72, 966, 570, 804, 555, 545 
73, 968, 555, 838, 565, 540 
74, 998, 574, 833, 575, 573 
75, 1011, 581, 844, 579, 587 
76, 1021, 584, 854, 584, 587 
77, 1034, 577, 867, 612, 602 
78, 1068, 625, 883, 631, 604 
79, 1087, 633, 894, 639, 620 
80, 1085, 631, 916, 640, 614 
81, 1119, 636, 920, 638, 620 
82, 1142, 659, 926, 644, 651 
83, 1155, 658, 943, 661, 643 
84, 1185, 663, 953, 671, 674 
85, 1201, 700, 984, 680, 678 
86, 1205, 687, 990, 693, 682 
87, 1243, 700, 1023, 789, 690 
88, 1252, 719, 1031, 801, 704 
89, 1274, 716, 1040, 722, 704 
90, 1279, 707, 1060, 814, 736 
91, 1282, 729, 1065, 814, 719 
92, 1322, 747, 1072, 829, 744 
93, 1329, 756, 1165, 837, 745 
94, 1362, 760, 1099, 860, 738 
95, 1355, 772, 1093, 876, 757 
96, 1394, 778, 1185, 879, 754 
97, 1415, 795, 1146, 892, 769 
98, 1447, 808, 1125, 902, 794 
99, 1469, 817, 1245, 896, 792 
100, 1463, 828, 1175, 917, 797 
101, 1501, 837, 1287, 928, 820 
102, 1492, 837, 1286, 928, 828 
103, 1524, 856, 1303, 942, 830 
104, 1556, 859, 1315, 960, 836 
105, 1577, 876, 1330, 965, 828 
106, 1557, 879, 1342, 987, 852 
107, 1613, 889, 1359, 990, 863 
108, 1626, 905, 1364, 988, 867 
109, 1625, 910, 1379, 1016, 876 
110, 1668, 930, 1401, 1024, 906 
111, 1674, 932, 1398, 1019, 902 
112, 1663, 920, 1408, 1061, 900 
113, 1721, 952, 1442, 1057, 920 
114, 1746, 969, 1467, 1065, 933 
115, 1756, 970, 1469, 1067, 932 
116, 1785, 989, 1503, 1085, 945 
117, 1804, 983, 1489, 1096, 963 
118, 1803, 1003, 1522, 1099, 971 
119, 1834, 1009, 1536, 1105, 960 
120, 1854, 1022, 1554, 1124, 981 
121, 1848, 1028, 1559, 1138, 1001 
122, 1904, 1041, 1574, 1155, 1020 
123, 1950, 1069, 1574, 1153, 1013 
124, 1923, 1049, 1597, 1183, 1048 
125, 1953, 1064, 1633, 1191, 1041 
126, 1973, 1058, 1633, 1195, 1043 
127, 1998, 1073, 1667, 1206, 1030 
128, 2021, 1097, 1670, 1209, 1077 
129, 2046, 1112, 1679, 1238, 1046 
130, 2047, 1118, 1683, 1248, 1094 
131, 2081, 1132, 1720, 1259, 1103 
132, 2097, 1145, 1618, 1250, 1114 
133, 2124, 1164, 1727, 1267, 1123 
134, 2162, 1174, 1739, 1285, 1142 
135, 2186, 1172, 1763, 1289, 1151 
136, 2190, 1187, 1770, 1309, 1158 
137, 2167, 1198, 1807, 1308, 1150 
138, 2208, 1200, 1827, 1284, 1173 
139, 2234, 1207, 1822, 1320, 1202 
140, 2252, 1214, 1828, 1342, 1198 
141, 2266, 1238, 1840, 1354, 1203 
142, 2301, 1245, 1858, 1370, 1202 
143, 2319, 1247, 1876, 1388, 1213 
144, 2328, 1270, 1897, 1364, 1234 
145, 2338, 1271, 1916, 1391, 1254 
146, 2371, 1274, 1926, 1419, 1266 
147, 2430, 1294, 1961, 1424, 1265 
148, 2416, 1289, 1943, 1442, 1282 
149, 2437, 1320, 1977, 1454, 1286 
150, 2451, 1314, 1985, 1458, 1289 
151, 2458, 1349, 2002, 1482, 1291 
152, 2525, 1334, 2014, 1473, 1285 
153, 2512, 1376, 2021, 1492, 1305 
154, 2562, 1366, 2049, 1521, 1322 
155, 2581, 1408, 2052, 1525, 1327 
156, 2586, 1380, 2095, 1516, 1351 
157, 2563, 1404, 2068, 1554, 1359 
158, 2622, 1402, 2105, 1539, 1343 
159, 2683, 1441, 2116, 1561, 1391 
160, 2658, 1441, 2134, 1570, 1391 
161, 2684, 1466, 2149, 1581, 1404 
162, 2736, 1446, 2157, 1593, 1413 
163, 2726, 1467, 2174, 1594, 1407 
164, 2730, 1461, 2184, 1609, 1428 
165, 2771, 1477, 2206, 1672, 1432 
166, 2790, 1482, 2204, 1646, 1457 
167, 2835, 1502, 2217, 1657, 1458 
168, 2865, 1515, 2222, 1651, 1475 
169, 2877, 1526, 2256, 1679, 1480 
170, 2870, 1511, 2273, 1751, 1493 
171, 2912, 1559, 2316, 1690, 1522 
172, 2913, 1561, 2318, 1725, 1506 
173, 2944, 1542, 2322, 1722, 1508 
174, 2955, 1586, 2367, 1745, 1511 
175, 2967, 1584, 2369, 1741, 1542 
176, 3030, 1575, 2372, 1765, 1557 
177, 3014, 1614, 2398, 1793, 1566 
178, 3079, 1640, 2386, 1783, 1583 
179, 3079, 1620, 2435, 1820, 1579 
180, 3082, 1637, 2459, 1784, 1579 
181, 3145, 1638, 2435, 1811, 1583 
182, 3114, 1680, 2457, 1848, 1620 
183, 3109, 1655, 2462, 1828, 1625 
184, 3208, 1707, 2504, 1838, 1618 
185, 3189, 1696, 2498, 1861, 1629 
186, 3211, 1725, 2511, 1877, 1660 
187, 3252, 1699, 2573, 1863, 1662 
188, 3249, 1732, 2548, 1887, 1677 
189, 3279, 1735, 2557, 1905, 1669 
190, 3305, 1755, 2582, 1959, 1682 
191, 3327, 1735, 2566, 1922, 1708 
192, 3304, 1731, 2621, 1957, 1707 
193, 3420, 1794, 2625, 1950, 1724 
194, 3405, 1771, 2668, 1985, 1727 
195, 3401, 1811, 2646, 1976, 1750 
196, 3426, 1825, 2674, 1989, 1750 
197, 3443, 1794, 2701, 1983, 1761 
198, 3502, 1824, 2707, 2026, 1764 
199, 3494, 1810, 2722, 2010, 1769 
200, 3555, 1857, 2917, 2014, 1779 
201, 3562, 1858, 2929, 2052, 1808 
202, 3559, 1868, 2934, 2068, 1805 
203, 3575, 1889, 2778, 2050, 1800 
204, 3634, 1903, 2828, 2074, 1835 
205, 3673, 1875, 2785, 2069, 1842 
206, 3655, 1900, 2835, 2078, 1846 
207, 3709, 1913, 2855, 2111, 1868 
208, 3681, 1943, 2865, 2111, 1882 
209, 3750, 1946, 2878, 2100, 1878 
210, 3745, 1977, 2904, 2185, 1890 
211, 3722, 1984, 2914, 2169, 1902 
212, 3813, 1986, 2896, 2171, 1921 
213, 3851, 1979, 3105, 2167, 1928 
214, 3859, 1989, 3046, 2185, 1919 
215, 3865, 2008, 2948, 2241, 1932 
216, 3907, 2002, 2965, 2240, 1960 
217, 3836, 2040, 2995, 2210, 1974 
218, 3946, 2018, 2986, 2264, 1976 
219, 3932, 2046, 3012, 2236, 1982 
220, 3990, 2062, 3018, 2275, 1998 
221, 4000, 2072, 3066, 2268, 2016 
222, 4036, 2083, 3063, 2312, 1995 
223, 4062, 2107, 3072, 2293, 2018 
224, 4037, 2147, 3101, 2281, 2023 
225, 4038, 2129, 3131, 2330, 2038 
226, 4114, 2124, 3136, 2312, 2045 
227, 4136, 2134, 3147, 2376, 2057 
228, 4169, 2166, 3152, 2380, 2075 
229, 4140, 2154, 3173, 2360, 2077 
230, 4216, 2188, 3397, 2352, 2120 
231, 4224, 2178, 3397, 2376, 2104 
232, 4250, 2206, 3201, 2408, 2101 
233, 4342, 2212, 3440, 2402, 2118 
234, 4293, 2213, 3227, 2432, 2113 
235, 4287, 2198, 3487, 2420, 2155 
236, 4312, 2226, 3239, 2436, 2159 
237, 4340, 2232, 3516, 2441, 2180 
238, 4366, 2243, 3497, 2472, 2205 
239, 4397, 2291, 3360, 2436, 2185 
240, 4416, 2274, 3564, 2473, 2190 
241, 4449, 2288, 3564, 2515, 2205 
242, 4462, 2291, 3352, 2550, 2206 
243, 4500, 2307, 3448, 2525, 2243 
244, 4515, 2340, 3610, 2536, 2246 
245, 4537, 2334, 3445, 2551, 2274 
246, 4563, 2337, 3470, 2576, 2286 
247, 4540, 2346, 3654, 2589, 2297 
248, 4618, 2384, 3707, 2589, 2300 
249, 4614, 2382, 3715, 2611, 2315 
250, 4631, 2386, 3467, 2634, 2333 
251, 4664, 2404, 3499, 2611, 2321 
252, 4692, 2393, 3759, 2664, 2354 
253, 4717, 2442, 3530, 2631, 2352 
254, 4749, 2467, 3558, 2635, 2363 
255, 4783, 2481, 3804, 2661, 2406 
256, 4786, 2445, 3586, 2678, 2367 
257, 4771, 2435, 3830, 2688, 2397 
258, 4836, 2487, 3601, 2718, 2408 
259, 4832, 2472, 3870, 2705, 2442 
260, 4883, 2507, 3659, 2706, 2434 
261, 4898, 2514, 3911, 2738, 2422 
262, 4895, 2526, 3724, 2745, 2439 
263, 4956, 2532, 3685, 2739, 2450 
264, 4962, 2564, 3959, 2750, 2455 
265, 4995, 2568, 3744, 2777, 2451 
266, 5020, 2606, 3759, 2802, 2491 
267, 4986, 2570, 4006, 2792, 2528 
268, 5089, 2621, 4003, 2820, 2480 
269, 5086, 2599, 3835, 2849, 2529 
270, 5079, 2594, 4074, 2848, 2545 
271, 5131, 2648, 4066, 2863, 2510 
272, 5146, 2669, 4094, 2924, 2589 
273, 5170, 2666, 4088, 2967, 2574 
274, 5222, 2650, 4117, 2888, 2576 
275, 5207, 2678, 3910, 2963, 2581 
276, 5271, 2705, 4151, 2942, 2589 
277, 5255, 2707, 4132, 2939, 2580 
278, 5338, 2731, 3940, 2928, 2641 
279, 5329, 2729, 4203, 2961, 2631 
280, 5372, 2721, 4201, 2954, 2646 
281, 5333, 2743, 4218, 2983, 2672 
282, 5395, 2762, 4259, 2981, 2634 
283, 5405, 2752, 4291, 2980, 2672 
284, 5448, 2786, 4302, 3002, 2711 
285, 5449, 2805, 4307, 3031, 2733 
286, 5472, 2826, 4087, 3060, 2691 
287, 5530, 2818, 4339, 3048, 2706 
288, 5517, 2809, 4344, 3063, 2759 
289, 5514, 2816, 4340, 3086, 2747 
290, 5581, 2829, 4407, 3114, 2740 
291, 5604, 2865, 4426, 3063, 2767 
292, 5585, 2826, 4400, 3101, 2789 
293, 5633, 2886, 4442, 3140, 2789 
294, 5715, 2885, 4469, 3191, 2815 
295, 5647, 2896, 4459, 3162, 2817 
296, 5755, 2899, 4509, 3209, 2809 
297, 5759, 2938, 4519, 3192, 2806 
298, 5736, 2918, 4518, 3187, 3129 
299, 5769, 2926, 4556, 3191, 2842 
300, 5825, 2954, 4565, 3214, 3191 
301, 5794, 2964, 4584, 3224, 3185 
302, 5887, 2983, 4559, 3227, 2866 
303, 5861, 2985, 4604, 3246, 2899 
304, 5932, 2992, 4628, 3234, 2901 
305, 5932, 2997, 4617, 3267, 2920 
306, 5953, 3023, 4629, 3283, 2925 
307, 5941, 3008, 4666, 3274, 2938 
308, 5980, 3060, 4672, 3366, 2975 
309, 6060, 3030, 4749, 3313, 2945 
310, 6038, 3039, 4732, 3317, 2953 
311, 6067, 3033, 4722, 3337, 3288 
312, 6100, 3068, 4755, 3359, 2998 
313, 6096, 3075, 4758, 3402, 2989 
314, 6114, 3088, 4805, 3370, 3312 
315, 6163, 3115, 4767, 3425, 2993 
316, 6187, 3119, 4829, 3437, 3348 
317, 6180, 3147, 4830, 3423, 3361 
318, 6221, 3125, 4907, 3426, 3387 
319, 6247, 3126, 4885, 3434, 3365 
320, 6275, 3192, 4855, 3441, 3413 
321, 6320, 3198, 4901, 3462, 3083 
322, 6349, 3189, 4912, 3530, 3434 
323, 6363, 3209, 4932, 3548, 3472 
324, 6381, 3175, 4945, 3460, 3478 
325, 6405, 3236, 4987, 3554, 3465 
326, 6408, 3246, 4994, 3510, 3482 
327, 6475, 3246, 4993, 3622, 3502 
328, 6478, 3278, 5047, 3610, 3152 
329, 6463, 3290, 5047, 3582, 3509 
330, 6540, 3246, 5035, 3607, 3513 
331, 6508, 3330, 5081, 3615, 3546 
332, 6520, 3323, 5091, 3601, 3541 
333, 6621, 3341, 5128, 3593, 3222 
334, 6587, 3335, 5134, 3607, 3595 
335, 6649, 3373, 5148, 3692, 3234 
336, 6701, 3374, 5179, 3692, 3252 
337, 6705, 3377, 5175, 3664, 3606 
338, 6690, 3403, 5234, 3703, 3270 
339, 6715, 3372, 5223, 3696, 3653 
340, 6808, 3431, 5246, 3696, 3631 
341, 6784, 3396, 5216, 3765, 3304 
342, 6812, 3454, 5253, 3756, 3674 
343, 6889, 3406, 5274, 3741, 3682 
344, 6867, 3441, 5277, 3805, 3715 
345, 6899, 3537, 5323, 3807, 3691 
346, 6881, 3482, 5365, 3811, 3740 
347, 6963, 3495, 5353, 3807, 3746 
348, 6980, 3507, 5369, 3845, 3730 
349, 7005, 3494, 5370, 3853, 3759 
350, 6990, 3537, 5388, 3864, 3774 
351, 7030, 3518, 5400, 3861, 3775 
352, 7117, 3594, 5415, 3909, 3775 
353, 7043, 3562, 5435, 3850, 3776 
354, 7130, 3575, 5515, 3874, 3768 
355, 7181, 3585, 5472, 3879, 3831 
356, 7176, 3599, 5474, 3914, 3827 
357, 7156, 3614, 5496, 3902, 3853 
358, 7223, 3583, 5537, 3915, 3876 
359, 7243, 3602, 5550, 3935, 3875 
360, 7249, 3629, 5561, 3978, 3885 
361, 7251, 3661, 5597, 3961, 3898 
362, 7302, 3621, 5608, 3956, 3905 
363, 7342, 3674, 5585, 3987, 3933 
364, 7362, 3653, 5669, 3991, 3934 
365, 7355, 3677, 5642, 4005, 3905 
366, 7356, 3717, 5691, 4036, 3988 
367, 7411, 3720, 5682, 4049, 3957 
368, 7428, 3737, 5719, 4108, 3976 
369, 7470, 3749, 5719, 4064, 3980 
370, 7504, 3769, 5753, 4080, 3994 
371, 7534, 3738, 5740, 4078, 4012 
372, 7514, 3756, 5775, 4071, 4049 
373, 7591, 3788, 5807, 4115, 4039 
374, 7594, 3771, 5819, 4174, 4050 
375, 7620, 3806, 5842, 4162, 4055 
376, 7628, 3828, 5894, 4150, 4070 
377, 7702, 3888, 5848, 4195, 4095 
378, 7669, 3860, 5907, 4181, 4101 
379, 7645, 3833, 5910, 4194, 4095 
380, 7737, 3890, 5938, 4226, 4125 
381, 7770, 3870, 5927, 4182, 4110 
382, 7781, 3877, 5968, 4205, 4158 
383, 7836, 3918, 5924, 4254, 4155 
384, 7848, 3917, 5978, 4268, 4195 
385, 7871, 3912, 5992, 4224, 4197 
386, 7904, 3964, 6015, 4319, 4181 
387, 7899, 3911, 6004, 4353, 4205 
388, 7957, 3962, 6055, 4329, 4214 
389, 8000, 3966, 6072, 4338, 4199 
390, 7968, 3993, 6106, 4298, 4244 
391, 8015, 3974, 6130, 4386, 4223 
392, 8017, 3978, 6093, 4364, 4257 
393, 8018, 4004, 6116, 4401, 4293 
394, 8104, 4036, 6101, 4382, 4258 
395, 8089, 4039, 6138, 4399, 4289 
396, 8113, 4044, 6229, 4418, 4324 
397, 8187, 4096, 6216, 4460, 4338 
398, 8186, 4059, 6227, 4391, 4331 
399, 8183, 4093, 6260, 4431, 4339 
400, 8247, 4072, 6236, 4444, 4360 
401, 8312, 4107, 6385, 4475, 4391 
402, 8297, 4117, 6280, 4510, 4384 
403, 8340, 4147, 6316, 4478, 4427 
404, 8374, 4129, 6312, 4503, 4427 
405, 8344, 4139, 6316, 4546, 4418 
406, 8324, 4154, 6320, 4549, 4412 
407, 8395, 4177, 6364, 4550, 4458 
408, 8525, 4181, 6398, 4536, 4458 
409, 8500, 4223, 6446, 4579, 4491 
410, 8482, 4209, 6402, 4570, 4484 
411, 8481, 4189, 6422, 4607, 4498 
412, 8530, 4230, 6479, 4565, 4495 
413, 8528, 4254, 6589, 4557, 4526 
414, 8592, 4294, 6448, 4636, 4542 
415, 8615, 4279, 6505, 4659, 4542 
416, 8672, 4303, 6478, 4619, 4541 
417, 8590, 4261, 6504, 4684, 4554 
418, 8682, 4300, 6547, 4631, 4563 
419, 8757, 4315, 6562, 4686, 4600 
420, 8736, 4326, 6575, 4701, 4608 
421, 8748, 4339, 6597, 4725, 4606 
422, 8840, 4351, 6623, 4717, 4632 
423, 8800, 4394, 6648, 4743, 4635 
424, 8815, 4400, 6649, 4742, 4668 
425, 8835, 4367, 6647, 4777, 4660 
426, 8875, 4410, 6646, 4779, 4684 
427, 8898, 4442, 6690, 4804, 4708 
428, 8894, 4415, 6728, 4763, 4727 
429, 8979, 4409, 6742, 4801, 4721 
430, 8983, 4489, 6739, 4856, 4725 
431, 8991, 4463, 6785, 4877, 4732 
432, 9011, 4443, 6751, 4882, 4778 
433, 9103, 4462, 6794, 4826, 4764 
434, 9146, 4529, 6781, 4884, 4772 
435, 9168, 4481, 6831, 4905, 4771 
436, 9108, 4522, 6831, 4891, 4791 
437, 9160, 4502, 6871, 4887, 4847 
438, 9184, 4586, 6888, 4985, 4860 
439, 9251, 4553, 6915, 4945, 4847 
440, 9259, 4559, 7038, 4965, 4838 
441, 9328, 4577, 6950, 4963, 4878 
442, 9286, 4609, 6955, 4966, 4877 
443, 9299, 4644, 6976, 5026, 4941 
444, 9304, 4635, 7004, 4997, 4906 
445, 9387, 4582, 7006, 4972, 4938 
446, 9324, 4639, 7016, 5017, 4915 
447, 9476, 4652, 7033, 5058, 4937 
448, 9391, 4648, 7091, 5066, 4969 
449, 9503, 4687, 7069, 5033, 4947 
450, 9464, 4678, 7092, 5036, 4962 
451, 9526, 4696, 7136, 5081, 4971 
452, 9565, 4708, 7129, 5112, 5018 
453, 9594, 4756, 7153, 5153, 5015 
454, 9672, 4729, 7169, 5147, 5002 
455, 9557, 4722, 7190, 5138, 5063 
456, 9646, 4777, 7235, 5144, 5033 
457, 9711, 4762, 7220, 5164, 5049 
458, 9706, 4803, 7222, 5146, 5068 
459, 9757, 4822, 7257, 5174, 5073 
460, 9721, 4831, 7252, 5216, 5118 
461, 9788, 4859, 7383, 5208, 5102 
462, 9811, 4825, 7426, 5233, 5130 
463, 9852, 4818, 7462, 5209, 5156 
464, 9827, 4832, 7524, 5230, 5143 
465, 9915, 4900, 7785, 5333, 5196 
466, 9955, 4872, 7416, 5282, 5157 
467, 9980, 4911, 7544, 5268, 5155 
468, 9970, 4907, 7535, 5283, 5228 
469, 9993, 4903, 7473, 5298, 5211 
470, 9993, 4909, 7551, 5308, 5214 
471, 10022, 4929, 7520, 5325, 5209 
472, 10010, 4958, 7534, 5333, 5271 
473, 10047, 4991, 7554, 5404, 5266 
474, 10100, 4968, 7631, 5382, 5281 
475, 10103, 4965, 7970, 5371, 5288 
476, 10188, 5024, 7673, 5395, 5331 
477, 10153, 5037, 7631, 5413, 5343 
478, 10219, 5084, 7710, 5413, 5341 
479, 10255, 5043, 7644, 5413, 5318 
480, 10367, 5064, 7620, 5480, 5333 
481, 10362, 5087, 7634, 5501, 5356 
482, 10320, 5065, 7797, 5463, 5380 
483, 10361, 5145, 7769, 5482, 5382 
484, 10377, 5087, 7791, 5472, 5379 
485, 10385, 5110, 7850, 5481, 5427 
486, 10470, 5148, 7795, 5556, 5485 
487, 10459, 5141, 7831, 5506, 5433 
488, 10539, 5167, 7790, 5571, 5459 
489, 10487, 5194, 7863, 5568, 5487 
490, 10508, 5215, 7904, 5567, 5500 
491, 10583, 5245, 7954, 5573, 5455 
492, 10627, 5175, 7840, 5625, 5479 
493, 10582, 5228, 7961, 5582, 5518 
494, 10624, 5221, 7970, 5679, 5525 
495, 10603, 5269, 7887, 5639, 5545 
496, 10753, 5226, 8376, 5668, 5560 
497, 10689, 5285, 8424, 5643, 5608 
498, 10749, 5274, 7976, 5735, 5623 
499, 10728, 5261, 8029, 5723, 5542 
500, 10791, 5255, 7976, 5675, 5640 
501, 10866, 5331, 8430, 5746, 5627 
502, 10894, 5341, 8051, 5733, 5632 
503, 10944, 5373, 8030, 5728, 5654 
504, 10946, 5373, 8054, 5759, 5642 
505, 10958, 5372, 8102, 5787, 5658 
506, 10973, 5398, 8104, 5773, 5671 
507, 10985, 5370, 8119, 5788, 5639 
508, 11058, 5416, 8166, 5877, 5741 
509, 11026, 5390, 8179, 5878, 5733 
510, 11072, 5452, 8174, 5842, 5736 
511, 11116, 5471, 8188, 5839, 5779 
512, 11088, 5428, 8185, 5883, 5756 
513, 11174, 5487, 8216, 5876, 5783 
514, 11146, 5484, 8221, 5875, 5786 
515, 11164, 5495, 8262, 5874, 5838 
516, 11221, 5503, 8311, 5889, 5831 
517, 11326, 5506, 8279, 5948, 5812 
518, 11303, 5502, 8806, 5936, 5862 
519, 11281, 5551, 8467, 5983, 5880 
520, 11378, 5550, 8310, 5986, 5825 
521, 11397, 5552, 8512, 6039, 5871 
522, 11391, 5579, 8379, 5964, 5895 
523, 11453, 5589, 8383, 5944, 5899 
524, 11465, 5645, 8406, 6053, 5937 
525, 11445, 5612, 8395, 5972, 5939 
526, 11512, 5628, 8453, 6093, 5938 
527, 11510, 5613, 8477, 6039, 5940 
528, 11561, 5643, 8511, 6115, 6000 
529, 11506, 5642, 8489, 6092, 5988 
530, 11559, 5698, 8505, 6111, 6010 
531, 11662, 5700, 8544, 6090, 6018 
532, 11644, 5701, 8596, 6157, 5964 
533, 11694, 5709, 8555, 6131, 6008 
534, 11690, 5733, 8570, 6157, 6055 
535, 11779, 5707, 8649, 6206, 6078 
536, 11766, 5707, 8616, 6167, 6027 
537, 11720, 5733, 8819, 6214, 6072 
538, 11736, 5747, 8711, 6196, 6185 
539, 11894, 5774, 8812, 6175, 6079 
540, 11790, 5764, 8764, 6237, 6105 
541, 11898, 5773, 8746, 6234, 6125 
542, 11894, 5793, 8829, 6287, 6174 
543, 12077, 5826, 8695, 6242, 6185 
544, 11950, 5825, 9256, 6296, 6183 
545, 11966, 5843, 8806, 6324, 6218 
546, 12035, 5862, 9315, 6274, 6178 
547, 11974, 5822, 9328, 6376, 6243 
548, 12024, 5900, 9343, 6356, 6263 
549, 12077, 5841, 8879, 6337, 6261 
550, 12103, 5908, 8873, 6297, 6262 
551, 12142, 5902, 8868, 6401, 6270 
552, 12165, 5913, 8906, 6355, 6291 
553, 12146, 5920, 8971, 6354, 6242 
554, 12199, 5900, 9448, 6391, 6302 
555, 12196, 5943, 9506, 6431, 6344 
556, 12299, 5934, 9505, 6493, 6312 
557, 12310, 6029, 9487, 6396, 6413 
558, 12393, 6022, 9121, 6473, 6357 
559, 12306, 5987, 8986, 6458, 6398 
560, 12444, 5945, 9539, 6493, 6402 
561, 12421, 5996, 9595, 6537, 6399 
562, 12458, 6042, 9603, 6511, 6373 
563, 12486, 6053, 9634, 6542, 6532 
564, 12454, 6101, 9189, 6529, 6440 
565, 12515, 6083, 9163, 6578, 6466 
566, 12543, 6086, 9244, 6634, 6468 
567, 12569, 6121, 9685, 6541, 6455 
568, 12621, 6146, 9230, 6615, 6614 
569, 12586, 6167, 9517, 6623, 6483 
570, 12590, 6168, 9250, 6641, 6509 
571, 12683, 6155, 9243, 6610, 6519 
572, 12623, 6177, 9314, 6703, 6616 
573, 12715, 6171, 9288, 6723, 6562 
574, 12741, 6184, 9895, 6729, 6601 
575, 12776, 6249, 9915, 6686, 6565 
576, 12749, 6229, 9852, 6726, 6545 
577, 12843, 6290, 9411, 6770, 6619 
578, 12843, 6252, 9927, 6794, 6619 
579, 12842, 6268, 9961, 6791, 6646 
580, 12891, 6240, 9424, 6767, 6656 
581, 12876, 6263, 9532, 6833, 6772 
582, 12991, 6309, 10003, 6816, 6760 
583, 13048, 6315, 9435, 6835, 6676 
584, 13027, 6371, 10033, 6846, 6689 
585, 12997, 6386, 10072, 6855, 6748 
586, 13064, 6342, 10081, 6866, 6771 
587, 13103, 6335, 10117, 6828, 6780 
588, 13074, 6375, 9584, 6904, 6841 
589, 13133, 6399, 10148, 6919, 6752 
590, 13213, 6431, 10174, 6919, 6800 
591, 13202, 6459, 10155, 6867, 6822 
592, 13316, 6478, 10180, 6990, 6792 
593, 13234, 6433, 10220, 6916, 6936 
594, 13300, 6439, 9661, 6939, 6924 
595, 13319, 6462, 10200, 6963, 6851 
596, 13343, 6481, 10296, 7024, 6873 
597, 13369, 6480, 10334, 7595, 6982 
598, 13439, 6529, 10156, 7047, 6884 
599, 13471, 6542, 10280, 6995, 6976 
600, 13434, 6491, 10292, 7098, 7013 
601, 13529, 6572, 10358, 7077, 7080 
602, 13471, 6571, 10320, 7088, 7065 
603, 13442, 6524, 10432, 7053, 6927 
604, 13516, 6552, 10427, 7100, 7069 
605, 13683, 6577, 10381, 7059, 7112 
606, 13656, 6601, 10393, 7161, 6988 
607, 13724, 6617, 9959, 7103, 7038 
608, 13703, 6670, 10491, 7089, 7021 
609, 13735, 6620, 10486, 7130, 7029 
610, 13807, 6591, 10476, 7145, 7019 
611, 13763, 6623, 10467, 7215, 7047 
612, 13842, 6670, 10499, 7133, 7070 
613, 13801, 6653, 10601, 7209, 7089 
614, 13867, 6670, 10620, 7244, 7125 
615, 13855, 6693, 10613, 7216, 7056 
616, 13875, 6673, 10642, 7281, 7106 
617, 13965, 6701, 10627, 7241, 7116 
618, 13953, 6742, 10631, 7294, 7159 
619, 14025, 6786, 10132, 7273, 7164 
620, 14050, 6822, 10741, 7371, 7157 
621, 14058, 6798, 10731, 7350, 7354 
622, 14138, 6844, 10770, 7338, 7187 
623, 14107, 6827, 10727, 7361, 7324 
624, 14168, 6815, 10195, 7347, 7231 
625, 14099, 6844, 10805, 7362, 7298 
626, 14122, 6873, 10848, 7411, 7261 
627, 14199, 6872, 10847, 7393, 7262 
628, 14144, 6914, 10877, 7408, 7254 
629, 14265, 6891, 10868, 7485, 7268 
630, 14279, 6911, 10940, 7517, 7307 
631, 14305, 6943, 10863, 7491, 7295 
632, 14317, 6899, 10923, 7399, 7308 
633, 14343, 6959, 10952, 7447, 7359 
634, 14283, 6924, 10357, 7527, 7346 
635, 14317, 6946, 10952, 7501, 7516 
636, 14462, 7003, 11031, 7553, 7452 
637, 14427, 6997, 10975, 7510, 7376 
638, 14581, 6943, 10998, 7565, 7435 
639, 14456, 6991, 11015, 7595, 7525 
640, 14586, 6985, 11088, 7648, 7372 
641, 14628, 7043, 10639, 7669, 7419 
642, 14651, 7002, 11167, 7684, 7431 
643, 14542, 7058, 11117, 7631, 7623 
644, 14616, 7020, 11135, 7657, 7487 
645, 14675, 7074, 11126, 7668, 7625 
646, 14688, 7086, 11198, 7676, 7553 
647, 14728, 7085, 11210, 7707, 7712 
648, 14788, 7155, 11225, 7670, 7556 
649, 14718, 7086, 11238, 7733, 7541 
650, 14860, 7171, 10690, 7716, 7598 
651, 14938, 7119, 10673, 7701, 7607 
652, 14954, 7171, 11254, 7717, 7616 
653, 14918, 7254, 11295, 7770, 7571 
654, 14938, 7229, 10682, 7815, 7608 
655, 14939, 7202, 11321, 7759, 7599 
656, 15036, 7236, 11338, 7817, 7694 
657, 14982, 7204, 11375, 8447, 7676 
658, 14913, 7220, 10813, 7815, 7650 
659, 15003, 7241, 11439, 7833, 7805 
660, 15013, 7233, 11432, 8511, 7640 
661, 15062, 7229, 11451, 7882, 7874 
662, 15058, 7251, 11513, 7908, 7710 
663, 15019, 7271, 11473, 7882, 7731 
664, 15120, 7266, 11525, 7869, 7723 
665, 15184, 7271, 11582, 7939, 7783 
666, 15167, 7331, 11575, 7898, 7794 
667, 15218, 7289, 11600, 7915, 7741 
668, 15314, 7306, 11565, 7995, 7786 
669, 15324, 7397, 11610, 7962, 7819 
670, 15285, 7366, 11626, 8020, 7981 
671, 15308, 7390, 11127, 8035, 7951 
672, 15354, 7373, 11653, 7992, 8006 
673, 15363, 7403, 11728, 8041, 7862 
674, 15481, 7432, 11743, 8082, 7847 
675, 15523, 7452, 11124, 8057, 7881 
676, 15475, 7419, 11858, 8079, 7925 
677, 15573, 7455, 11843, 8753, 7868 
678, 15556, 7464, 11753, 8067, 7957 
679, 15561, 7527, 11784, 8067, 7963 
680, 15653, 7545, 11787, 8027, 7969 
681, 15693, 7540, 11285, 8150, 7961 
682, 15625, 7559, 11867, 8145, 8097 
683, 15720, 7524, 11888, 8083, 8001 
684, 15824, 7523, 11891, 8163, 8014 
685, 15769, 7556, 11881, 8855, 8098 
686, 15803, 7555, 11913, 8263, 8103 
687, 15774, 7599, 11962, 8186, 8131 
688, 15871, 7573, 11989, 8188, 8188 
689, 15821, 7597, 12004, 8201, 8243 
690, 15876, 7633, 12075, 8238, 8052 
691, 15829, 7579, 12048, 8305, 8090 
692, 15888, 7635, 12064, 8283, 8109 
693, 15903, 7629, 12157, 8283, 8116 
694, 15970, 7663, 12072, 8326, 8120 
695, 16008, 7688, 12086, 8969, 8113 
696, 16100, 7734, 12159, 8353, 8185 
697, 16045, 7667, 12154, 8348, 8160 
698, 16059, 7691, 12176, 8350, 8206 
699, 16055, 7758, 12215, 8356, 8197 
700, 16143, 7775, 12282, 8394, 8200 
701, 16225, 7778, 12267, 8396, 8193 
702, 16212, 7710, 12220, 9165, 8258 
703, 16188, 7764, 12235, 8375, 8253 
704, 16175, 7740, 12228, 9084, 8249 
705, 16212, 7784, 12237, 8405, 8288 
706, 16268, 7804, 12307, 9219, 8261 
707, 16279, 7893, 12367, 9108, 8329 
708, 16283, 7812, 12329, 8527, 8302 
709, 16510, 7859, 12317, 8485, 8325 
710, 16321, 7912, 12408, 9278, 8326 
711, 16404, 7919, 12363, 8508, 8377 
712, 16465, 7895, 12432, 9260, 8369 
713, 16407, 7894, 12456, 8484, 8364 
714, 16524, 7998, 12501, 8532, 8385 
715, 16499, 7939, 12489, 8557, 8410 
716, 16477, 7942, 12535, 9310, 8402 
717, 16513, 7998, 12495, 8676, 8420 
718, 16647, 8005, 12500, 8690, 8617 
719, 16713, 8047, 12493, 9344, 8458 
720, 16603, 7936, 12534, 9340, 8474 
721, 16656, 8021, 12642, 8685, 8493 
722, 16692, 7969, 12637, 9465, 8511 
723, 16701, 8021, 12597, 9369, 8480 
724, 16756, 8026, 12662, 9424, 8521 
725, 16818, 8025, 12708, 9459, 8577 
726, 16796, 8082, 12675, 8765, 8565 
727, 16858, 8120, 12729, 9546, 8600 
728, 16838, 8058, 12707, 9485, 8557 
729, 16892, 8105, 12726, 8796, 8650 
730, 16930, 8100, 12720, 8704, 8581 
731, 16913, 8109, 12810, 8862, 8637 
732, 16973, 8130, 12809, 9499, 8610 
733, 17015, 8162, 12823, 8897, 8674 
734, 17016, 8182, 12785, 9640, 8638 
735, 17053, 8122, 12834, 9641, 8662 
736, 17066, 8193, 12862, 9632, 8625 
737, 17118, 8225, 12897, 8969, 8666 
738, 17118, 8247, 13021, 8979, 8724 
739, 17105, 8248, 13036, 9658, 8721 
740, 17254, 8272, 13018, 9666, 8735 
741, 17207, 8258, 13008, 9734, 8712 
742, 17351, 8292, 12962, 9712, 8729 
743, 17343, 8255, 12976, 9664, 8779 
744, 17351, 8330, 13034, 9760, 8788 
745, 17394, 8265, 13071, 9054, 8785 
746, 17318, 8311, 13048, 9774, 8795 
747, 17466, 8366, 13110, 9795, 8816 
748, 17485, 8348, 13188, 9820, 8873 
749, 17392, 8344, 13207, 9781, 8841 
750, 17456, 8378, 13214, 9860, 8984 
751, 17542, 8428, 13186, 9066, 8866 
752, 17517, 8461, 13200, 9958, 8886 
753, 17524, 8425, 13213, 9893, 8964 
754, 17526, 8467, 13230, 9826, 8901 
755, 17608, 8470, 13276, 9875, 8932 
756, 17631, 8468, 13278, 9882, 8945 
757, 17632, 8489, 13287, 9912, 8970 
758, 17755, 8448, 13345, 9958, 9000 
759, 17848, 8447, 13322, 9989, 9005 
760, 17760, 8477, 13363, 9957, 8976 
761, 17842, 8510, 13349, 9948, 9033 
762, 17873, 8519, 13433, 9976, 9016 
763, 17891, 8552, 13461, 9979, 8998 
764, 17787, 8501, 13485, 10039, 8996 
765, 17857, 8577, 13371, 9964, 9032 
766, 17974, 8630, 13405, 10063, 9043 
767, 18004, 8563, 13445, 10038, 9052 
768, 17963, 8564, 13471, 10036, 9120 
769, 18047, 8654, 13544, 10075, 9090 
770, 18041, 8621, 13519, 10049, 9129 
771, 18016, 8645, 13567, 10070, 9134 
772, 18056, 8635, 13533, 10071, 9130 
773, 18100, 8731, 13572, 10069, 9171 
774, 18145, 8717, 13682, 10157, 9150 
775, 18144, 8685, 13677, 10128, 9181 
776, 18266, 8747, 13814, 10170, 9231 
777, 18309, 8783, 13763, 10153, 9208 
778, 18260, 8733, 13745, 10216, 9231 
779, 18225, 8756, 13716, 10214, 9217 
780, 18303, 8824, 13657, 9402, 9266 
781, 18252, 8822, 13831, 10222, 9277 
782, 18389, 8819, 13809, 10315, 9290 
783, 18430, 8846, 13939, 10226, 9289 
784, 18491, 8854, 13990, 10311, 9291 
785, 18453, 8866, 14004, 10255, 9268 
786, 18485, 8865, 13934, 10299, 9320 
787, 18505, 8912, 13850, 10330, 9355 
788, 18520, 8873, 13922, 10326, 9363 
789, 18599, 8914, 13969, 10354, 9373 
790, 18622, 8948, 13940, 10377, 9375 
791, 18716, 8945, 13978, 10375, 9401 
792, 18696, 8966, 13942, 10435, 9427 
793, 18700, 8938, 14011, 10380, 9396 
794, 18864, 9037, 14007, 10403, 9440 
795, 18707, 8981, 14203, 10451, 9440 
796, 18915, 8989, 14078, 10481, 9417 
797, 18989, 9018, 14206, 10486, 9518 
798, 18824, 8953, 14211, 10477, 9475 
799, 18984, 9096, 14167, 10476, 9630 
800, 18857, 9040, 14316, 10527, 9483 
801, 18918, 9005, 14089, 10487, 9529 
802, 19059, 9060, 14154, 10616, 9542 
803, 19049, 9085, 14204, 10534, 9535 
804, 19024, 9064, 14174, 10543, 9578 
805, 19105, 9098, 14395, 10615, 9576 
806, 19251, 9094, 14253, 10596, 9603 
807, 19090, 9094, 14237, 10649, 9591 
808, 19094, 9096, 14362, 10595, 9617 
809, 19193, 9099, 14178, 10619, 9623 
810, 19131, 9125, 14233, 10650, 9632 
811, 19215, 9152, 14248, 10638, 9621 
812, 19238, 9171, 14375, 10656, 9628 
813, 19329, 9220, 14365, 10749, 9641 
814, 19282, 9202, 14481, 10738, 9691 
815, 19271, 9232, 14382, 10699, 9672 
816, 19391, 9261, 14377, 10727, 9743 
817, 19411, 9247, 14444, 10760, 9750 
818, 19495, 9252, 14538, 10748, 9752 
819, 19454, 9347, 14466, 10780, 9743 
820, 19438, 9276, 14481, 10794, 9821 
821, 19449, 9322, 14504, 10782, 9774 
822, 19574, 9341, 14519, 10874, 9851 
823, 19524, 9283, 14647, 10808, 9813 
824, 19556, 9254, 14542, 10819, 9772 
825, 19501, 9273, 14627, 10913, 9839 
826, 19606, 9321, 14527, 10898, 9847 
827, 19663, 9355, 14612, 10873, 9870 
828, 19716, 9359, 14678, 10846, 9845 
829, 19714, 9391, 14736, 10985, 9882 
830, 19771, 9366, 14690, 10926, 9878 
831, 19770, 9372, 14772, 10910, 9906 
832, 19785, 9421, 14728, 10947, 9926 
833, 19824, 9401, 14892, 10977, 9915 
834, 19842, 9468, 14799, 10943, 9954 
835, 19931, 9442, 14769, 10964, 9986 
836, 19908, 9502, 14760, 11010, 9978 
837, 20011, 9476, 14757, 11051, 10017 
838, 19892, 9490, 14863, 11065, 9997 
839, 20000, 9538, 14864, 11123, 10023 
840, 19988, 9509, 14877, 11076, 10035 
841, 20017, 9511, 14906, 11145, 10043 
842, 20099, 9550, 14911, 11046, 10031 
843, 20183, 9538, 14904, 11083, 10089 
844, 20135, 9598, 14950, 11142, 10080 
845, 20169, 9616, 14950, 11177, 10091 
846, 20168, 9539, 14951, 11166, 10111 
847, 20151, 9629, 14996, 11152, 10190 
848, 20187, 9629, 15047, 11207, 10170 
849, 20333, 9651, 15061, 11164, 10216 
850, 20267, 9645, 15069, 11214, 10170 
851, 20352, 9681, 15154, 11220, 10194 
852, 20351, 9684, 15155, 11224, 10189 
853, 20309, 9690, 15137, 11233, 10186 
854, 20358, 9715, 15125, 11297, 10210 
855, 20490, 9734, 15175, 11309, 10206 
856, 20484, 9780, 15186, 11338, 10224 
857, 20388, 9722, 15203, 11350, 10289 
858, 20517, 9778, 15228, 11292, 10287 
859, 20650, 9750, 15201, 11366, 10287 
860, 20548, 9734, 15284, 11284, 10326 
861, 20645, 9751, 15330, 11411, 10301 
862, 20706, 9754, 15352, 11417, 10361 
863, 20730, 9784, 15235, 11411, 10329 
864, 20693, 9824, 15352, 11391, 10311 
865, 20772, 9865, 15342, 11486, 10343 
866, 20779, 9909, 15397, 11431, 10437 
867, 20946, 9927, 15372, 11498, 10396 
868, 20851, 9900, 15506, 11465, 10419 
869, 20873, 9890, 15429, 11459, 10408 
870, 20896, 9927, 15516, 11556, 10436 
871, 20743, 9905, 15568, 11545, 10430 
872, 20938, 9915, 15456, 11468, 10482 
873, 20975, 9904, 15443, 11560, 10441 
874, 20980, 9983, 15558, 11607, 10508 
875, 21012, 9942, 15662, 11564, 10566 
876, 21035, 9984, 15533, 11583, 10506 
877, 21015, 10028, 15591, 11610, 10567 
878, 20988, 9950, 15619, 11584, 10580 
879, 21160, 9969, 15600, 11609, 10573 
880, 21078, 10003, 15578, 11618, 10530 
881, 21216, 10057, 15599, 11597, 10578 
882, 21150, 10028, 15683, 11665, 10607 
883, 21235, 10046, 15667, 11631, 10532 
884, 21260, 10051, 15662, 11665, 10596 
885, 21207, 10084, 15734, 11797, 10651 
886, 21313, 10150, 15735, 11666, 10645 
887, 21378, 10125, 15706, 11759, 10669 
888, 21359, 10151, 15800, 11756, 10665 
889, 21393, 10173, 15758, 11822, 10743 
890, 21392, 10180, 15884, 11773, 10718 
891, 21470, 10213, 15787, 11832, 10773 
892, 21512, 10200, 15841, 11882, 10754 
893, 21491, 10234, 15842, 11797, 10721 
894, 21608, 10245, 15987, 11846, 10707 
895, 21532, 10234, 15959, 11841, 10731 
896, 21623, 10292, 16028, 11850, 10765 
897, 21586, 10285, 16018, 11959, 10831 
898, 21630, 10285, 16054, 11952, 10835 
899, 21790, 10339, 16193, 11918, 10846 
900, 21918, 10355, 16042, 11989, 10824 
901, 21844, 10377, 16020, 11969, 10858 
902, 21823, 10386, 16041, 11935, 10852 
903, 21819, 10342, 16033, 11975, 10878 
904, 21873, 10441, 16100, 12034, 10872 
905, 21871, 10424, 16138, 11972, 10848 
906, 21974, 10446, 16108, 12069, 10875 
907, 22135, 10375, 16153, 12124, 10891 
908, 21995, 10465, 16239, 12166, 10903 
909, 22135, 10489, 16232, 12107, 10932 
910, 22028, 10423, 16316, 12069, 10984 
911, 22081, 10418, 16229, 12156, 10972 
912, 22012, 10433, 16283, 12076, 11000 
913, 22090, 10492, 16359, 12139, 11018 
914, 22114, 10453, 16334, 12130, 11067 
915, 22146, 10492, 16333, 12214, 11078 
916, 22214, 10482, 16359, 12192, 11059 
917, 22233, 10573, 16409, 12245, 11078 
918, 22349, 10586, 16497, 12233, 11127 
919, 22193, 10581, 16557, 12212, 11045 
920, 22344, 10587, 16536, 12247, 11143 
921, 22564, 10636, 16387, 12285, 11121 
922, 22461, 10630, 16457, 12271, 11176 
923, 22472, 10573, 16487, 12247, 11150 
924, 22576, 10610, 16489, 12374, 11180 
925, 22423, 10551, 16622, 12290, 11157 
926, 22469, 10655, 16564, 12256, 11191 
927, 22439, 10641, 16555, 12296, 11259 
928, 22513, 10701, 16657, 12348, 11231 
929, 22471, 10667, 16712, 12362, 11244 
930, 22607, 10836, 16663, 12413, 11262 
931, 22675, 10724, 16646, 12449, 11268 
932, 22734, 10777, 16755, 12382, 11298 
933, 22588, 10822, 16746, 12420, 11321 
934, 22754, 10781, 16831, 12410, 11329 
935, 22716, 10723, 16719, 12462, 11340 
936, 22692, 10787, 16830, 12471, 11380 
937, 22764, 10804, 16827, 12500, 11326 
938, 22843, 10800, 16724, 12541, 11374 
939, 22864, 10904, 16918, 12562, 11369 
940, 22913, 10825, 16796, 12468, 11358 
941, 22968, 10982, 16870, 12473, 11350 
942, 22996, 10874, 16963, 12598, 11417 
943, 22946, 10898, 17035, 12609, 11370 
944, 23000, 10883, 16984, 12631, 11412 
945, 23106, 10976, 16895, 12601, 11465 
946, 23027, 11005, 16917, 12574, 11460 
947, 23045, 10943, 17012, 12567, 11533 
948, 23069, 10981, 16890, 12686, 11443 
949, 23111, 10976, 16965, 12701, 11502 
950, 23163, 10949, 16998, 12696, 11487 
951, 23218, 10941, 17000, 12693, 11530 
952, 23279, 10998, 17091, 12707, 11522 
953, 23329, 11032, 17009, 12746, 11487 
954, 23379, 10992, 17129, 12778, 11590 
955, 23365, 11013, 17298, 12786, 11615 
956, 23300, 11023, 17240, 12832, 11557 
957, 23427, 11069, 17141, 12727, 11595 
958, 23357, 11004, 17204, 12849, 11663 
959, 23457, 11032, 17173, 12795, 11648 
960, 23491, 11062, 17224, 12891, 11619 
961, 23440, 11070, 17217, 12894, 11618 
962, 23588, 11149, 17278, 12876, 11619 
963, 23613, 11136, 17234, 12922, 11649 
964, 23584, 11148, 17188, 12859, 11735 
965, 23559, 11094, 17206, 12954, 11702 
966, 23664, 11188, 17411, 12958, 11738 
967, 23669, 11246, 17403, 12960, 11777 
968, 23639, 11245, 17421, 13000, 11739 
969, 23673, 11163, 17495, 12983, 11732 
970, 23724, 11219, 17519, 12979, 11797 
971, 23796, 11233, 17530, 12993, 11864 
972, 23755, 11256, 17540, 13085, 11845 
973, 23849, 11241, 17504, 13061, 11818 
974, 23877, 11268, 17575, 13038, 11830 
975, 23946, 11314, 17523, 13021, 11847 
976, 24037, 11305, 17542, 13039, 11849 
977, 24187, 11349, 17528, 13134, 11890 
978, 23854, 11332, 17566, 13149, 11895 
979, 24081, 11341, 17620, 13096, 11918 
980, 24106, 11361, 17584, 13097, 11948 
981, 24209, 11301, 17622, 13124, 11952 
982, 24162, 11424, 17660, 13202, 11948 
983, 24218, 11434, 17634, 13204, 11954 
984, 24308, 11398, 17639, 13159, 12016 
985, 24247, 11412, 17687, 13252, 12064 
986, 24290, 11409, 17740, 13225, 11992 
987, 24298, 11416, 17646, 13284, 11940 
988, 24438, 11485, 17860, 13268, 12045 
989, 24297, 11505, 17738, 13282, 12022 
990, 24412, 11503, 17724, 13257, 12002 
991, 24500, 11530, 17772, 13345, 12037 
992, 24518, 11537, 17903, 13332, 12079 
993, 24581, 11540, 17989, 13433, 12008 
994, 24628, 11623, 17807, 13367, 12059 
995, 24557, 11593, 17768, 13434, 12119 
996, 24639, 11605, 17828, 13476, 12127 
997, 24494, 11574, 17936, 13424, 12203 
998, 24550, 11636, 17911, 13440, 12170 
999, 24606, 11609, 17861, 13365, 12190 
1000, 24556, 11612, 17983, 13402, 12247 
1001, 24676, 11659, 17950, 13376, 12160 
1002, 24721, 11738, 17963, 13491, 12161 
1003, 24680, 11689, 18950, 13567, 12238 
1004, 24705, 11771, 18092, 13599, 12238 
1005, 24871, 11681, 18066, 13448, 12241 
1006, 24786, 11671, 18072, 13538, 12468 
1007, 25017, 11753, 18091, 13521, 12250 
1008, 24767, 11692, 18104, 13553, 12247 
1009, 24819, 11712, 18040, 13594, 12326 
1010, 24826, 11728, 18143, 13612, 12358 
1011, 24958, 11740, 18177, 13603, 12357 
1012, 25008, 11794, 18254, 13668, 12401 
1013, 25105, 11803, 18190, 13619, 12367 
1014, 24964, 11791, 18220, 13614, 12385 
1015, 25041, 11823, 18368, 13664, 12427 
1016, 24988, 11864, 18408, 13672, 12410 
1017, 25123, 11820, 18396, 13691, 12439 
1018, 25178, 11819, 18535, 13680, 12612 
1019, 25199, 11860, 18277, 13653, 12449 
1020, 25128, 11844, 18336, 13708, 12511 
1021, 25125, 11866, 18275, 13781, 12563 
1022, 25207, 11871, 18395, 13827, 12566 
1023, 25256, 11895, 18389, 13825, 12501 
1024, 25289, 11964, 18406, 13776, 12523 
1025, 25405, 11890, 18494, 13841, 12558 
1026, 25359, 11942, 18512, 13779, 12532 
1027, 25521, 11934, 18506, 13877, 12578 
1028, 25461, 11998, 18686, 13847, 12597 
1029, 25434, 11978, 18592, 13971, 12594 
1030, 25657, 11940, 18627, 13871, 12632 
1031, 25614, 11899, 18684, 13933, 12641 
1032, 25683, 12046, 18687, 13950, 12676 
1033, 25711, 12031, 18726, 14008, 12674 
1034, 25751, 12076, 18717, 13960, 12660 
1035, 25858, 12137, 18858, 13903, 12647 
1036, 25657, 12064, 18865, 13997, 12714 
1037, 25775, 12022, 19625, 13907, 12666 
1038, 25758, 12080, 18779, 14092, 12704 
1039, 25794, 12108, 18842, 13972, 12718 
1040, 25869, 12245, 18754, 14015, 12763 
1041, 25804, 12183, 18846, 14021, 12688 
1042, 25875, 12178, 18839, 14089, 12761 
1043, 26053, 12282, 18853, 14039, 12792 
1044, 25981, 12242, 19019, 14025, 12784 
1045, 26008, 12243, 19066, 14000, 13027 
1046, 26099, 12195, 18970, 14096, 12877 
1047, 26003, 12269, 19015, 14113, 12845 
1048, 26094, 12276, 19026, 14206, 12776 
1049, 25971, 12327, 19135, 14162, 13055 
1050, 26044, 12245, 18956, 14239, 12900 
1051, 26132, 12331, 19984, 14234, 12918 
1052, 26237, 12289, 19017, 14201, 12942 
1053, 26179, 12372, 19044, 14190, 12879 
1054, 26213, 12319, 20055, 14247, 12914 
1055, 26152, 12319, 19044, 14190, 12986 
1056, 26222, 12341, 19095, 14282, 12979 
1057, 26184, 12360, 19153, 14295, 13013 
1058, 26267, 12327, 19138, 14282, 13000 
1059, 26254, 12388, 19097, 14316, 13036 
1060, 26490, 12443, 19114, 14287, 12993 
1061, 26591, 12463, 19119, 14461, 13038 
1062, 26526, 12468, 19177, 14389, 13051 
1063, 26539, 12449, 19229, 14424, 13044 
1064, 26536, 12514, 19243, 14438, 13093 
1065, 26452, 12499, 19272, 14440, 13116 
1066, 26597, 12457, 19244, 14440, 13070 
1067, 26606, 12468, 19263, 14422, 13128 
1068, 26674, 12530, 19686, 14416, 13111 
1069, 26706, 12506, 19359, 14421, 13184 
1070, 26561, 12515, 19514, 14494, 13158 
1071, 26506, 12483, 19643, 14453, 13189 
1072, 26677, 12697, 19586, 14476, 13157 
1073, 26669, 12541, 19440, 14544, 13231 
1074, 26634, 12573, 19402, 14541, 13384 
1075, 26690, 12556, 19420, 14573, 13263 
1076, 26665, 12577, 19434, 14521, 13296 
1077, 26850, 12602, 19497, 14536, 13298 
1078, 26791, 12576, 19560, 14522, 13198 
1079, 26906, 12613, 19529, 14636, 13294 
1080, 26953, 12655, 19643, 14572, 13274 
1081, 26984, 12666, 19554, 14584, 13307 
1082, 27054, 12909, 19729, 14632, 13358 
1083, 27045, 12744, 19561, 14674, 13368 
1084, 27206, 12714, 19649, 14688, 13294 
1085, 27095, 12721, 19601, 14781, 13377 
1086, 27178, 12773, 19705, 14769, 13367 
1087, 27134, 12737, 19622, 14788, 13358 
1088, 27311, 12791, 19823, 14815, 13377 
1089, 27246, 12759, 19634, 14818, 13448 
1090, 27257, 12765, 19623, 14824, 13467 
1091, 27308, 12759, 19676, 14830, 13452 
1092, 27340, 12807, 19737, 14811, 13459 
1093, 27271, 12801, 19753, 14905, 13528 
1094, 27276, 12775, 19748, 14871, 13500 
1095, 27336, 12816, 19799, 14918, 13529 
1096, 27403, 12898, 19790, 14973, 13557 
1097, 27420, 12960, 19811, 14902, 13542 
1098, 27485, 12872, 19879, 14908, 13543 
1099, 27573, 12930, 20165, 14881, 13532 
1100, 27761, 12957, 20070, 14901, 13623 
1101, 27628, 12972, 20090, 14858, 13635 
1102, 27658, 12975, 20118, 14909, 13639 
1103, 27670, 12928, 20190, 14997, 13672 
1104, 27692, 12949, 20169, 14896, 13628 
1105, 27670, 13057, 20281, 14840, 13633 
1106, 27656, 13022, 20224, 15023, 13692 
1107, 27703, 13042, 21090, 15026, 13720 
1108, 27826, 13024, 20469, 15043, 13711 
1109, 27754, 13071, 20067, 15107, 13687 
1110, 27854, 13009, 20171, 14996, 13702 
1111, 27848, 13074, 20073, 15074, 13722 
1112, 27826, 13055, 20147, 15117, 13920 
1113, 27884, 13098, 20178, 15107, 13757 
1114, 27936, 13136, 20117, 15220, 13810 
1115, 27932, 13050, 20214, 15119, 14022 
1116, 27971, 13103, 20146, 15226, 13822 
1117, 28089, 13095, 20237, 15196, 13841 
1118, 28179, 13135, 21302, 15267, 13858 
1119, 28008, 13160, 20313, 15226, 13827 
1120, 28042, 13175, 20434, 15239, 13827 
1121, 28071, 13225, 20359, 15357, 14114 
1122, 28353, 13229, 20324, 15244, 14067 
1123, 28353, 13256, 20333, 15252, 13965 
1124, 28388, 13182, 20358, 15221, 13941 
1125, 28353, 13308, 20595, 15351, 14118 
1126, 28257, 13257, 20328, 15320, 14184 
1127, 28256, 13289, 20529, 15375, 13955 
1128, 28156, 13234, 20453, 15448, 13965 
1129, 28253, 13307, 20486, 15409, 14031 
1130, 28290, 13275, 21499, 15480, 13955 
1131, 28313, 13323, 20452, 15433, 14007 
1132, 28367, 13275, 20497, 15379, 14004 
1133, 28365, 13373, 20522, 15445, 14036 
1134, 28538, 13420, 20595, 15421, 14042 
1135, 28502, 13388, 20711, 15425, 14244 
1136, 28551, 13378, 20695, 15453, 14216 
1137, 28592, 13399, 20803, 15588, 14263 
1138, 28730, 13292, 20853, 15649, 14234 
1139, 28726, 13379, 20859, 15656, 14131 
1140, 28681, 13475, 20821, 15662, 14284 
1141, 28749, 13481, 20760, 15628, 14262 
1142, 28788, 13470, 20860, 15604, 14285 
1143, 28734, 13481, 20885, 15558, 14344 
1144, 28769, 13474, 21010, 15605, 14312 
1145, 28769, 13513, 20896, 15639, 14277 
1146, 28996, 13580, 21002, 15577, 14281 
1147, 28827, 13505, 21037, 15681, 14425 
1148, 28896, 13602, 20983, 15659, 14393 
1149, 28960, 13564, 21009, 15705, 14527 
1150, 28813, 13517, 21002, 15644, 14333 
1151, 28915, 13497, 20939, 15659, 14353 
1152, 29080, 13614, 21989, 15707, 14251 
1153, 29098, 13614, 20939, 15767, 14304 
1154, 28968, 13626, 21035, 15679, 14319 
1155, 29097, 13595, 20984, 15698, 14325 
1156, 29081, 13623, 20984, 15789, 14420 
1157, 29308, 13638, 21066, 15799, 14415 
1158, 29229, 13689, 21299, 15737, 14423 
1159, 29256, 13669, 21293, 15817, 14502 
1160, 29511, 13733, 21203, 15916, 14547 
1161, 29479, 13751, 21340, 15917, 14686 
1162, 29385, 13742, 21367, 15790, 14621 
1163, 29544, 13756, 21295, 16011, 14459 
1164, 29485, 13844, 21363, 15996, 14461 
1165, 29691, 13869, 21405, 16016, 14464 
1166, 29804, 13925, 21178, 15922, 14659 
1167, 29657, 13865, 21320, 15891, 14551 
1168, 29794, 13846, 21342, 15933, 14601 
1169, 29562, 13806, 21376, 15988, 14826 
1170, 29677, 13799, 21332, 15962, 14850 
1171, 29782, 13910, 22484, 16013, 14669 
1172, 29976, 13866, 21363, 16035, 14601 
1173, 29925, 13930, 21527, 16061, 14656 
1174, 29749, 13986, 22450, 16132, 14642 
1175, 29623, 13932, 21532, 15989, 14662 
1176, 30006, 13925, 21323, 16000, 14865 
1177, 29761, 13895, 21334, 16120, 14710 
1178, 29969, 13977, 21686, 16076, 14704 
1179, 29787, 13971, 21443, 16089, 14704 
1180, 30040, 14048, 21726, 16046, 14868 
1181, 29892, 14001, 21508, 16138, 14912 
1182, 30101, 14080, 21921, 16164, 14939 
1183, 30053, 14050, 21667, 16156, 14897 
1184, 29905, 14060, 21633, 16236, 14770 
1185, 30080, 14070, 21644, 16175, 14781 
1186, 30199, 14111, 21649, 16247, 14913 
1187, 30178, 14122, 22712, 16183, 14987 
1188, 30291, 14082, 22816, 16228, 14950 
1189, 30206, 14021, 22777, 16313, 14948 
1190, 30275, 14062, 22138, 16314, 14982 
1191, 30208, 14161, 22827, 16253, 15013 
1192, 30241, 14135, 21823, 16382, 15018 
1193, 30299, 14121, 22607, 16349, 14964 
1194, 30375, 14189, 22996, 16369, 15052 
1195, 30345, 14160, 22988, 16335, 14872 
1196, 30338, 14157, 22956, 16453, 14952 
1197, 30343, 14178, 21883, 16389, 14932 
1198, 30511, 14197, 23030, 16415, 14950 
1199, 30444, 14228, 23086, 16484, 15009 
1200, 30527, 14322, 23062, 16427, 15024 
1201, 30704, 14297, 22271, 16523, 15106 
1202, 30792, 14330, 22149, 16565, 15026 
1203, 30898, 14331, 23063, 16523, 15364 
1204, 30689, 14311, 22022, 16530, 15000 
1205, 30559, 14327, 23170, 16486, 15325 
1206, 30649, 14361, 22216, 16628, 15242 
1207, 30814, 14365, 22215, 16568, 15169 
1208, 30890, 14426, 22164, 16549, 15155 
1209, 30793, 14392, 23146, 16525, 15159 
1210, 30846, 14380, 22371, 16545, 15089 
1211, 30901, 14520, 22281, 16568, 15111 
1212, 31037, 14412, 22413, 16641, 15138 
1213, 31037, 14479, 22375, 16603, 15133 
1214, 30953, 14406, 22333, 16689, 15182 
1215, 31052, 14524, 22122, 16754, 15208 
1216, 30988, 14409, 22292, 16795, 15183 
1217, 30827, 14372, 23393, 16769, 15422 
1218, 31052, 14434, 23373, 16738, 15424 
1219, 30897, 14463, 23447, 16718, 15265 
1220, 31034, 14478, 22434, 16859, 15244 
1221, 31006, 14487, 22332, 16742, 15309 
1222, 31078, 14610, 22266, 16789, 15317 
1223, 31144, 14515, 22371, 16824, 15320 
1224, 31234, 14538, 22556, 16890, 15403 
1225, 31219, 14577, 23523, 16867, 15604 
1226, 31494, 14549, 22688, 16864, 15694 
1227, 31500, 14592, 22741, 16829, 15660 
1228, 31376, 14590, 22714, 16852, 15644 
1229, 31485, 14587, 22782, 16927, 15658 
1230, 31505, 14671, 22809, 16841, 15643 
1231, 31355, 14661, 23669, 16883, 15663 
1232, 31542, 14668, 23735, 16910, 15434 
1233, 31533, 14678, 23634, 17054, 15422 
1234, 31406, 14693, 22875, 17034, 15522 
1235, 31543, 14677, 22896, 17069, 15483 
1236, 31477, 14714, 23768, 17005, 15569 
1237, 31623, 14742, 22784, 17032, 15635 
1238, 31588, 14703, 22805, 17039, 15498 
1239, 31706, 14788, 23202, 17128, 15647 
1240, 31664, 14824, 22666, 17138, 15944 
1241, 31743, 14789, 22674, 17102, 15731 
1242, 31686, 14808, 22687, 17100, 15756 
1243, 31748, 14773, 22728, 17072, 15828 
1244, 31734, 14866, 22794, 17207, 15850 
1245, 31765, 14808, 22794, 17172, 15714 
1246, 31900, 14917, 22772, 17234, 15710 
1247, 32075, 14819, 23969, 17139, 15764 
1248, 32060, 14923, 22929, 17144, 15786 
1249, 31913, 14940, 22891, 17203, 15663 
1250, 32235, 14998, 22943, 17233, 15668 
1251, 32147, 15036, 24132, 17133, 15793 
1252, 32213, 15016, 23118, 17250, 16002 
1253, 32209, 15048, 23071, 17356, 15997 
1254, 32130, 14957, 23184, 17234, 15885 
1255, 32130, 14988, 23266, 17331, 15782 
1256, 32149, 15032, 23231, 17287, 15846 
1257, 32094, 15081, 23056, 17274, 15865 
1258, 32253, 15046, 23030, 17306, 15906 
1259, 32278, 15059, 23007, 17391, 15954 
1260, 32232, 15070, 23008, 17352, 15871 
1261, 32339, 15023, 24154, 17435, 16092 
1262, 32362, 15037, 24333, 17406, 16147 
1263, 32488, 15079, 24340, 17531, 16083 
1264, 32334, 15042, 24369, 17665, 16056 
1265, 32391, 15112, 23087, 17473, 16109 
1266, 32463, 15099, 23187, 17512, 16138 
1267, 32433, 15051, 23141, 17595, 16116 
1268, 32494, 15086, 23707, 17538, 16076 
1269, 32642, 15102, 23342, 17665, 16082 
1270, 32543, 15087, 23482, 17477, 16125 
1271, 32772, 15218, 23624, 17523, 16165 
1272, 32898, 15140, 23540, 17667, 16107 
1273, 32635, 15209, 23318, 17708, 16085 
1274, 32739, 15202, 23346, 17634, 16182 
1275, 32751, 15325, 23491, 17704, 16203 
1276, 32770, 15267, 24619, 17490, 16258 
1277, 32759, 15293, 23587, 17552, 16093 
1278, 32802, 15284, 23803, 17639, 16345 
1279, 33010, 15255, 23772, 17662, 16319 
1280, 32911, 15284, 23693, 17675, 16368 
1281, 32866, 15305, 23647, 17706, 16168 
1282, 33085, 15304, 24301, 17817, 16416 
1283, 33200, 15383, 24870, 17714, 16423 
1284, 33082, 15349, 23677, 17781, 16243 
1285, 33220, 15454, 23797, 17756, 16346 
1286, 33382, 15389, 23898, 17778, 16405 
1287, 33182, 15449, 23744, 17890, 16418 
1288, 33210, 15425, 23701, 17919, 16471 
1289, 33245, 15474, 23896, 17875, 16243 
1290, 33367, 15533, 23995, 17874, 16291 
1291, 33319, 15508, 24920, 17824, 16248 
1292, 33353, 15568, 23945, 18257, 16276 
1293, 33537, 15564, 23996, 17976, 16486 
1294, 33466, 15629, 23999, 17967, 16305 
1295, 33378, 15574, 24229, 18049, 16348 
1296, 33314, 15557, 23770, 18252, 16280 
1297, 33392, 15586, 23846, 18358, 16623 
1298, 33391, 15595, 23865, 17996, 16510 
1299, 33419, 15575, 25136, 18042, 16594 
1300, 33373, 15617, 23926, 18001, 16546 
1301, 33539, 15810, 24078, 18237, 16384 
1302, 33486, 15624, 25219, 18148, 16437 
1303, 33645, 15543, 25232, 18022, 16525 
1304, 33573, 15660, 25161, 17965, 16500 
1305, 33583, 15573, 25223, 18034, 16535 
1306, 33575, 15667, 25221, 18128, 16575 
1307, 33630, 15600, 25180, 18131, 16551 
1308, 33861, 15608, 25293, 18211, 16535 
1309, 33742, 15726, 24932, 18158, 16679 
1310, 33643, 15705, 25274, 18149, 16564 
1311, 33813, 15676, 25326, 18185, 16650 
1312, 33853, 15774, 25403, 18229, 16665 
1313, 33809, 15791, 25358, 18575, 16716 
1314, 33903, 15805, 24565, 18171, 16715 
1315, 33810, 15846, 24516, 18387, 16914 
1316, 34062, 15756, 25467, 18323, 16621 
1317, 34040, 15776, 25483, 18269, 16636 
1318, 34169, 15833, 25557, 18327, 16606 
1319, 33949, 15873, 25569, 18200, 16811 
1320, 34123, 15822, 25592, 18314, 16775 
1321, 34274, 15899, 25608, 18426, 16818 
1322, 34212, 15876, 25606, 18422, 16823 
1323, 34148, 15961, 25566, 18358, 16855 
1324, 34118, 15909, 25775, 18388, 16800 
1325, 34117, 15910, 25730, 18647, 16877 
1326, 34300, 16038, 25712, 18431, 16875 
1327, 34371, 15996, 25734, 18610, 16981 
1328, 34257, 16090, 25760, 18484, 16949 
1329, 34342, 15975, 25613, 18447, 16929 
1330, 34405, 16025, 25715, 18531, 16973 
1331, 34458, 15982, 25713, 18472, 16955 
1332, 34455, 15996, 25792, 18473, 16973 
1333, 34404, 16034, 25859, 18594, 17087 
1334, 34504, 16052, 24806, 18541, 16897 
1335, 34508, 15986, 25469, 18784, 16983 
1336, 34583, 16146, 24902, 18522, 17053 
1337, 34542, 16123, 24877, 18454, 17036 
1338, 34617, 16107, 25926, 18476, 17087 
1339, 34824, 16178, 25941, 18631, 17057 
1340, 34630, 16081, 24956, 18640, 16969 
1341, 34788, 16131, 25027, 18676, 16950 
1342, 34818, 16130, 26054, 18873, 16902 
1343, 34682, 16159, 25981, 18956, 17200 
1344, 34748, 16134, 25971, 18732, 17114 
1345, 34813, 16179, 26055, 18611, 17113 
1346, 34899, 16228, 26092, 18697, 17376 
1347, 34853, 16129, 26078, 18714, 17280 
1348, 34901, 16268, 26102, 18757, 17172 
1349, 34961, 16372, 24723, 19031, 17294 
1350, 34989, 16323, 26149, 18819, 17090 
1351, 35124, 16311, 26092, 19013, 17093 
1352, 35074, 16338, 24771, 18820, 17231 
1353, 35158, 16444, 26191, 18823, 17149 
1354, 35175, 16423, 25770, 18950, 17190 
1355, 35335, 16273, 26368, 18799, 17137 
1356, 35320, 16414, 26346, 18939, 17329 
1357, 35231, 16393, 25335, 19232, 17186 
1358, 35155, 16316, 26338, 18975, 17336 
1359, 35371, 16326, 26290, 18921, 17401 
1360, 35310, 16395, 26316, 19098, 17334 
1361, 35302, 16393, 26410, 18962, 17201 
1362, 35332, 16399, 26363, 18960, 17236 
1363, 35298, 16355, 26442, 19325, 17319 
1364, 35270, 16369, 26495, 19075, 17301 
1365, 35363, 16382, 26503, 19077, 17312 
1366, 35527, 16469, 26444, 19050, 17330 
1367, 35603, 16496, 26573, 19458, 17442 
1368, 35493, 16504, 25302, 19162, 17468 
1369, 35506, 16539, 25189, 19172, 17470 
1370, 35634, 16502, 26576, 19127, 17347 
1371, 35828, 16535, 26650, 19137, 17388 
1372, 35745, 16571, 26684, 19083, 17382 
1373, 35642, 16513, 26556, 19213, 17610 
1374, 35682, 16591, 26675, 19153, 17476 
1375, 35844, 16544, 26694, 19263, 17642 
1376, 35695, 16597, 26717, 19228, 17767 
1377, 35886, 16566, 26713, 19247, 17636 
1378, 35896, 16606, 26743, 19225, 17517 
1379, 35840, 16555, 25607, 19192, 17625 
1380, 35943, 16652, 25648, 19178, 17649 
1381, 35918, 16634, 26820, 19216, 17557 
1382, 35931, 16666, 26824, 19501, 17547 
1383, 36159, 16699, 26854, 19255, 17512 
1384, 36156, 16724, 26948, 19260, 17643 
1385, 36199, 16761, 26058, 19284, 17742 
1386, 36239, 16793, 25695, 19333, 17734 
1387, 36140, 16784, 27074, 19296, 17580 
1388, 36158, 16814, 25689, 19371, 17577 
1389, 36362, 16873, 25649, 19570, 17640 
1390, 36386, 16857, 25625, 19398, 17669 
1391, 36332, 16919, 27122, 19366, 17810 
1392, 36438, 16975, 27074, 19356, 17915 
1393, 36448, 16940, 25795, 19330, 17804 
1394, 36389, 16932, 25688, 19422, 17821 
1395, 36509, 16975, 27160, 19404, 17840 
1396, 36382, 16868, 27146, 19459, 17769 
1397, 36430, 16871, 26058, 19456, 17738 
1398, 36439, 16911, 26053, 19554, 17719 
1399, 36496, 16885, 26032, 19771, 17920 
1400, 36639, 16946, 26037, 19590, 17916 
1401, 36549, 16896, 26110, 19568, 17989 
1402, 36584, 16998, 26433, 19867, 17813 
1403, 36607, 16973, 27348, 19748, 17858 
1404, 36551, 16899, 26113, 19601, 17972 
1405, 36712, 17003, 26149, 19620, 17897 
1406, 36813, 17064, 26170, 19941, 17940 
1407, 36756, 17058, 27355, 19723, 17936 
1408, 36798, 17042, 27369, 19670, 17906 
1409, 36816, 17064, 27372, 19720, 18075 
1410, 36855, 17200, 27441, 19728, 17935 
1411, 36819, 17042, 27433, 19661, 17936 
1412, 36791, 17084, 27474, 19686, 17945 
1413, 36910, 17108, 27529, 19707, 17944 
1414, 36933, 17221, 27534, 19765, 17974 
1415, 36999, 17203, 27506, 19987, 18156 
1416, 36862, 17123, 27492, 19929, 18029 
1417, 37255, 17206, 27516, 19981, 18230 
1418, 37026, 17205, 27543, 20042, 18114 
1419, 37055, 17261, 27661, 20050, 18038 
1420, 37367, 17281, 26491, 19838, 18205 
1421, 37235, 17221, 27639, 19905, 18208 
1422, 37144, 17262, 27935, 19798, 18253 
1423, 37293, 17232, 27665, 20365, 18179 
1424, 37158, 17313, 27667, 19833, 18077 
1425, 37092, 17249, 27296, 19965, 18139 
1426, 37301, 17273, 26623, 19909, 18262 
1427, 37354, 17268, 27835, 19928, 18167 
1428, 37349, 17382, 26682, 19946, 18268 
1429, 37390, 17310, 27788, 20003, 18301 
1430, 37374, 17358, 27896, 20026, 18417 
1431, 37602, 17357, 27892, 20050, 18266 
1432, 37473, 17398, 26550, 20051, 18232 
1433, 37494, 17342, 26605, 19959, 18218 
1434, 37505, 17337, 27985, 20037, 18398 
1435, 37630, 17358, 28165, 20130, 18417 
1436, 37692, 17388, 28068, 20097, 18385 
1437, 37632, 17385, 27986, 20087, 18497 
1438, 37665, 17409, 27999, 20469, 18407 
1439, 37738, 17424, 28037, 20164, 18525 
1440, 37787, 17408, 28045, 20191, 18580 
1441, 37775, 17438, 27994, 20189, 18378 
1442, 37843, 17480, 28088, 20186, 18403 
1443, 37866, 17555, 26975, 20207, 18355 
1444, 37960, 17485, 28214, 20243, 18409 
1445, 37949, 17495, 28147, 20191, 18432 
1446, 37985, 17534, 28326, 20237, 18451 
1447, 37926, 17576, 28170, 20578, 18515 
1448, 37991, 17576, 28179, 20317, 18535 
1449, 37984, 17605, 28134, 20333, 18558 
1450, 38210, 17633, 28191, 20350, 18428 
1451, 38130, 17598, 28236, 20309, 18505 
1452, 38136, 17601, 28266, 20327, 18525 
1453, 38278, 17635, 27350, 20407, 18554 
1454, 38331, 17654, 28426, 20398, 18631 
1455, 38085, 17646, 28450, 20674, 18604 
1456, 38480, 17629, 28346, 20485, 18660 
1457, 38563, 17725, 28305, 20456, 18745 
1458, 38422, 17750, 28372, 20716, 18644 
1459, 38297, 17780, 28413, 20798, 18595 
1460, 38529, 17698, 28502, 20591, 18756 
1461, 38497, 17745, 28566, 20353, 18755 
1462, 38441, 17819, 28516, 20621, 18682 
1463, 38506, 17816, 28602, 20423, 18762 
1464, 38609, 17768, 28548, 20513, 18849 
1465, 38706, 17847, 28669, 20568, 18934 
1466, 38701, 17942, 27101, 20840, 18684 
1467, 38602, 17891, 27196, 20565, 18885 
1468, 38748, 17911, 28615, 20556, 18765 
1469, 38642, 17848, 28705, 20780, 18794 
1470, 38737, 17860, 28763, 20671, 18810 
1471, 38629, 17797, 28638, 20583, 18762 
1472, 38805, 17871, 28738, 20770, 18829 
1473, 38854, 17928, 28698, 20740, 18771 
1474, 38776, 17951, 28426, 20744, 18866 
1475, 38936, 18005, 28939, 20888, 18865 
1476, 38885, 18007, 27488, 20955, 18887 
1477, 38907, 18066, 27519, 20960, 19048 
1478, 39086, 18060, 27404, 20963, 18904 
1479, 39184, 18100, 28610, 20788, 18943 
1480, 39130, 18036, 27484, 21018, 18879 
1481, 39069, 18034, 27621, 21036, 18886 
1482, 39136, 18104, 28988, 20746, 18904 
1483, 39113, 18070, 28947, 20876, 19033 
1484, 39105, 18097, 29098, 21084, 18938 
1485, 39025, 18121, 28999, 20875, 19006 
1486, 39227, 18201, 29068, 21160, 19084 
1487, 39114, 18127, 28996, 20933, 19123 
1488, 39188, 18076, 29101, 20859, 19036 
1489, 39367, 18108, 29173, 21282, 19003 
1490, 39413, 18182, 29126, 21022, 19097 
1491, 39396, 18284, 29197, 20997, 19110 
1492, 39389, 18265, 27758, 20857, 19099 
1493, 39516, 18364, 29259, 21257, 19088 
1494, 39471, 18150, 29235, 21147, 19187 
1495, 39326, 18364, 29235, 21323, 19153 
1496, 39373, 18204, 29163, 21006, 19264 
1497, 39320, 18314, 27962, 21067, 19258 
1498, 39395, 18301, 29310, 21047, 19184 
1499, 39499, 18420, 29325, 21377, 19162 
1500, 39536, 18314, 29371, 21091, 19136 
1501, 39705, 18277, 29417, 21373, 19192 
1502, 39657, 18391, 29429, 21380, 19227 
1503, 39754, 18381, 29385, 21505, 19297 
1504, 39778, 18356, 29062, 21245, 19262 
1505, 39839, 18377, 29574, 21390, 19173 
1506, 39896, 18464, 29698, 21438, 19265 
1507, 39831, 18412, 29720, 21163, 19239 
1508, 39920, 18485, 28282, 21199, 19303 
1509, 39875, 18438, 28923, 21158, 19286 
1510, 39919, 18512, 29504, 21221, 19385 
1511, 39912, 18529, 29504, 21309, 19343 
1512, 39916, 18497, 29589, 21331, 19344 
1513, 39965, 18486, 29658, 21239, 19430 
1514, 40000, 18477, 29666, 21442, 19379 
1515, 40039, 18528, 29814, 21346, 19408 
1516, 40073, 18531, 29771, 21353, 19435 
1517, 40102, 18681, 29720, 21429, 19532 
1518, 40069, 18542, 29828, 21392, 19455 
1519, 40197, 18609, 29728, 21397, 19534 
1520, 40240, 18666, 29790, 21471, 19528 
1521, 40240, 18678, 29755, 21405, 19481 
1522, 40315, 18769, 28466, 21459, 19557 
1523, 40320, 18732, 28489, 21494, 19552 
1524, 40297, 18628, 29849, 21526, 19551 
1525, 40281, 18616, 29826, 21332, 19508 
1526, 40279, 18702, 29874, 21468, 19602 
1527, 40537, 18670, 29909, 21515, 19625 
1528, 40422, 18657, 29889, 21755, 19554 
1529, 40414, 18624, 29954, 21727, 19624 
1530, 40432, 18648, 29925, 21624, 19569 
1531, 40515, 18742, 30011, 21591, 19781 
1532, 40498, 18710, 29998, 21747, 19646 
1533, 40525, 18658, 30091, 21560, 19646 
1534, 40694, 18805, 30228, 21579, 19661 
1535, 40719, 18758, 30105, 21612, 19673 
1536, 40753, 18856, 30161, 21617, 19680 
1537, 40810, 18899, 30264, 21783, 19935 
1538, 40753, 18895, 30140, 21667, 19728 
1539, 40842, 18882, 30229, 21633, 19737 
1540, 41024, 18918, 30095, 21627, 19744 
1541, 40877, 18941, 30192, 21619, 19752 
1542, 40780, 18975, 30307, 21652, 19784 
1543, 40898, 18932, 29811, 21672, 19820 
1544, 40813, 18890, 30303, 21772, 19831 
1545, 40870, 18971, 28997, 22070, 19859 
1546, 40953, 18940, 29092, 21852, 19812 
1547, 40949, 18959, 30273, 21736, 19820 
1548, 41078, 18897, 29679, 21757, 19897 
1549, 41147, 19011, 30436, 21868, 19864 
1550, 41329, 19015, 30374, 21732, 19864 
1551, 41267, 19078, 30462, 21828, 19968 
1552, 41214, 19049, 30485, 21858, 19906 
1553, 41268, 19088, 29365, 22099, 20014 
1554, 41485, 19082, 29087, 21919, 19934 
1555, 41434, 19020, 30553, 21900, 20010 
1556, 41499, 18991, 29172, 21941, 19928 
1557, 41367, 19060, 29300, 21976, 20020 
1558, 41392, 19147, 30480, 21963, 20022 
1559, 41344, 19113, 30539, 21938, 20080 
1560, 41280, 19045, 30549, 21980, 20062 
1561, 41351, 19141, 30629, 22053, 20047 
1562, 41460, 19148, 29668, 22068, 20085 
1563, 41438, 19266, 30525, 21984, 20079 
1564, 41431, 19345, 30650, 22121, 20039 
1565, 41462, 19311, 30675, 22082, 20006 
1566, 41464, 19349, 30747, 22064, 20084 
1567, 41780, 19296, 30820, 22150, 20157 
1568, 41982, 19249, 30755, 22183, 20172 
1569, 41993, 19321, 30900, 22121, 20173 
1570, 42059, 19345, 30885, 22358, 20215 
1571, 41923, 19318, 30894, 22334, 20208 
1572, 41809, 19304, 30809, 22357, 20197 
1573, 41849, 19314, 30844, 22346, 20228 
1574, 41991, 19283, 30798, 22398, 20195 
1575, 41897, 19361, 30786, 22174, 20259 
1576, 41949, 19387, 30830, 22157, 20318 
1577, 41960, 19303, 30921, 22273, 20233 
1578, 41959, 19433, 30880, 22359, 20286 
1579, 42072, 19353, 30966, 22255, 20387 
1580, 42078, 19390, 30954, 22300, 20341 
1581, 42100, 19340, 31050, 22317, 20441 
1582, 41912, 19425, 29551, 22237, 20350 
1583, 41835, 19429, 31096, 22298, 20402 
1584, 41911, 19397, 31128, 22284, 20432 
1585, 42139, 19502, 31157, 22533, 20414 
1586, 42137, 19482, 31231, 22415, 20371 
1587, 42350, 19453, 31280, 22600, 20363 
1588, 42107, 19555, 31350, 22387, 20413 
1589, 42271, 19644, 31273, 22432, 20423 
1590, 42396, 19560, 31262, 22745, 20491 
1591, 42314, 19513, 31293, 22407, 20460 
1592, 42466, 19589, 31361, 22505, 20525 
1593, 42439, 19628, 31375, 22517, 20537 
1594, 42494, 19543, 31328, 22569, 20492 
1595, 42389, 19558, 31256, 22538, 20576 
1596, 42505, 19613, 31294, 22575, 20464 
1597, 42517, 19582, 31407, 22599, 20593 
1598, 42472, 19613, 31378, 22654, 20500 
1599, 42616, 19689, 29869, 22675, 20691 
1600, 42426, 19681, 29909, 22637, 20564 
1601, 42595, 19722, 31511, 22657, 20575 
1602, 42584, 19660, 29986, 22605, 20642 
1603, 42726, 19703, 31104, 22615, 20641 
1604, 42741, 19708, 31468, 22656, 20705 
1605, 42772, 19694, 31488, 22697, 20748 
1606, 42697, 19765, 31512, 22940, 20727 
1607, 42746, 19818, 31661, 22722, 20646 
1608, 42838, 19769, 31613, 22678, 20684 
1609, 43049, 19733, 31601, 22752, 20776 
1610, 43100, 19688, 31660, 22844, 20771 
1611, 42943, 19762, 31740, 22862, 20753 
1612, 43058, 19819, 31689, 22769, 20743 
1613, 43091, 19850, 31734, 22802, 20741 
1614, 43083, 19875, 31857, 22812, 20788 
1615, 43179, 19896, 31905, 22835, 20851 
1616, 43119, 19908, 31782, 22843, 20838 
1617, 43169, 19898, 31680, 22808, 20860 
1618, 43161, 19858, 31909, 22907, 20874 
1619, 43330, 19883, 31912, 23099, 20967 
1620, 43200, 19927, 31909, 22862, 20927 
1621, 43378, 19938, 31974, 22929, 20896 
1622, 43435, 19934, 32025, 22892, 20891 
1623, 43454, 19910, 31946, 23028, 20896 
1624, 43386, 19906, 31942, 22943, 20996 
1625, 43376, 19987, 31946, 22983, 20956 
1626, 43470, 19979, 32015, 23050, 21008 
1627, 43362, 20138, 32002, 23085, 21146 
1628, 43391, 20090, 31976, 23046, 21003 
1629, 43389, 20100, 31992, 23081, 20966 
1630, 43449, 20123, 32051, 23188, 21086 
1631, 43418, 20190, 32085, 23049, 21098 
1632, 43414, 20247, 32155, 23231, 21139 
1633, 43813, 20243, 32179, 23159, 21075 
1634, 43723, 20075, 32199, 23076, 21090 
1635, 43715, 20123, 32207, 23158, 21076 
1636, 43660, 20051, 32319, 23161, 21136 
1637, 43879, 20221, 32311, 23162, 21088 
1638, 43860, 20071, 32236, 23182, 21172 
1639, 43881, 20199, 32258, 23304, 21182 
1640, 43849, 20205, 32327, 23342, 21148 
1641, 43752, 20245, 32367, 23280, 21216 
1642, 44133, 20217, 32303, 23294, 21223 
1643, 44057, 20198, 32349, 23177, 21236 
1644, 44177, 20253, 32436, 23335, 21263 
1645, 44146, 20246, 32438, 23306, 21268 
1646, 43998, 20272, 32412, 23331, 21289 
1647, 44015, 20238, 32429, 23279, 21324 
1648, 44149, 20333, 32612, 23327, 21352 
1649, 44201, 20306, 32541, 23338, 21336 
1650, 44263, 20338, 32653, 23233, 21342 
1651, 44484, 20392, 32575, 23481, 21358 
1652, 44340, 20457, 32482, 23433, 21388 
1653, 44388, 20407, 32586, 23411, 21381 
1654, 44602, 20439, 32545, 23427, 21331 
1655, 44520, 20399, 32622, 23408, 21370 
1656, 44613, 20439, 32792, 23488, 21385 
1657, 44393, 20464, 32655, 23415, 21417 
1658, 44636, 20493, 32756, 23519, 21459 
1659, 44487, 20430, 32771, 23533, 21427 
1660, 44591, 20427, 32967, 23480, 21460 
1661, 44657, 20526, 32784, 23442, 21507 
1662, 44632, 20635, 32851, 23516, 21429 
1663, 44731, 20589, 32873, 23612, 21526 
1664, 44738, 20680, 32943, 23625, 21582 
1665, 44779, 20615, 32931, 23659, 21558 
1666, 44853, 20539, 32742, 23572, 21547 
1667, 44917, 20571, 31409, 23634, 21571 
1668, 45090, 20651, 32863, 23581, 21484 
1669, 45025, 20594, 32988, 23731, 21574 
1670, 44934, 20674, 32938, 23819, 21641 
1671, 44684, 20567, 32867, 23934, 21505 
1672, 44694, 20574, 32874, 23767, 21622 
1673, 44843, 20604, 32977, 23772, 21596 
1674, 44933, 20627, 33088, 23687, 21713 
1675, 45046, 20865, 33141, 23689, 21837 
1676, 45238, 20905, 33098, 23771, 21612 
1677, 45070, 21023, 33297, 23762, 21644 
1678, 45404, 20756, 33307, 23827, 21694 
1679, 45117, 20783, 33308, 23809, 21681 
1680, 45102, 20744, 33412, 24026, 21747 
1681, 45053, 20746, 33365, 23735, 21735 
1682, 45196, 20878, 33271, 23913, 21780 
1683, 45218, 20858, 33109, 23961, 21777 
1684, 45196, 20818, 33251, 23851, 21808 
1685, 45247, 20854, 33169, 23908, 21834 
1686, 45389, 20833, 33241, 23909, 21767 
1687, 45559, 20830, 33371, 23982, 21881 
1688, 45487, 20781, 33560, 23938, 21864 
1689, 45446, 20860, 31821, 24453, 21890 
1690, 45382, 20878, 33410, 23949, 21887 
1691, 45594, 20916, 33452, 24206, 21867 
1692, 45561, 20885, 33830, 24188, 21898 
1693, 45830, 21063, 33552, 24015, 22008 
1694, 45814, 21051, 33563, 24024, 21973 
1695, 45687, 21123, 33428, 24124, 21938 
1696, 45746, 21022, 33417, 23972, 21881 
1697, 45936, 21025, 33532, 24034, 21962 
1698, 45575, 21034, 33586, 24090, 21942 
1699, 45633, 20979, 33744, 24208, 22000 
1700, 45804, 20969, 33713, 24226, 22012 
1701, 45758, 21061, 33604, 24245, 22040 
1702, 45917, 21097, 33675, 24191, 22064 
1703, 45844, 21053, 33628, 24193, 22067 
1704, 45898, 21058, 33714, 24224, 22144 
1705, 45860, 21120, 33718, 24205, 22095 
1706, 45947, 21168, 33713, 24329, 22109 
1707, 46072, 21179, 33745, 24257, 22148 
1708, 46175, 21237, 33815, 24362, 22110 
1709, 46081, 21195, 33733, 24308, 22084 
1710, 46101, 21205, 33706, 24291, 22198 
1711, 46122, 21311, 33765, 24239, 22149 
1712, 46035, 21176, 33836, 24363, 22256 
1713, 46256, 21297, 33822, 24354, 22212 
1714, 46322, 21221, 33845, 24384, 22165 
1715, 46250, 21194, 34078, 24334, 22202 
1716, 46343, 21228, 34019, 24392, 22287 
1717, 46368, 21177, 34198, 24387, 22289 
1718, 46480, 21265, 33927, 24310, 22283 
1719, 46413, 21232, 34149, 24408, 22342 
1720, 46442, 21268, 34080, 24459, 22326 
1721, 46433, 21278, 34135, 24445, 22342 
1722, 46434, 21445, 34051, 24434, 22283 
1723, 46666, 21480, 34081, 24486, 22308 
1724, 46496, 21406, 34021, 24539, 22402 
1725, 46488, 21443, 34209, 24604, 22391 
1726, 46376, 21413, 34101, 24529, 22296 
1727, 46337, 21481, 34110, 24501, 22462 
1728, 46783, 21385, 34141, 24532, 22444 
1729, 46641, 21435, 34130, 24676, 22478 
1730, 46577, 21453, 34334, 24646, 22463 
1731, 46733, 21437, 34258, 24640, 22451 
1732, 46733, 21491, 34302, 24937, 22429 
1733, 46799, 21493, 34335, 24708, 22467 
1734, 46592, 21492, 34399, 24661, 22543 
1735, 46606, 21514, 34379, 24734, 22540 
1736, 46878, 21506, 34255, 24748, 22546 
1737, 46951, 21576, 34466, 24743, 22551 
1738, 47037, 21516, 34298, 24731, 22563 
1739, 47050, 21554, 34256, 24766, 22559 
1740, 47110, 21593, 34398, 24695, 22579 
1741, 47242, 21642, 34522, 24690, 22575 
1742, 47400, 21673, 34543, 24971, 22635 
1743, 47332, 21734, 34767, 24920, 22609 
1744, 47072, 21673, 34626, 24869, 22704 
1745, 46953, 21598, 34589, 24814, 22707 
1746, 47080, 21676, 34650, 24859, 22659 
1747, 47106, 21621, 34563, 24781, 22691 
1748, 47191, 21730, 34575, 24852, 22672 
1749, 47299, 21781, 34645, 24888, 22722 
1750, 47266, 21721, 34745, 24927, 22686 
1751, 47212, 21764, 34640, 24949, 22723 
1752, 47145, 21703, 34603, 24979, 22745 
1753, 47515, 21831, 34665, 25010, 22905 
1754, 47515, 21801, 34627, 24989, 22837 
1755, 47567, 21849, 34673, 25047, 22848 
1756, 47586, 21909, 34765, 25097, 22926 
1757, 47457, 21821, 34782, 24983, 22794 
1758, 47508, 21829, 34648, 24997, 22807 
1759, 47747, 21888, 34890, 25083, 22887 
1760, 47724, 21847, 34747, 24970, 22855 
1761, 47890, 21869, 35052, 24993, 22851 
1762, 47969, 21846, 35032, 25038, 22943 
1763, 47934, 21978, 34883, 25151, 22920 
1764, 48044, 21960, 34896, 25147, 22949 
1765, 48055, 22029, 35077, 25083, 23011 
1766, 47941, 22016, 35077, 25160, 22915 
1767, 47930, 22050, 35110, 25145, 23024 
1768, 47927, 21986, 35065, 25064, 23010 
1769, 47922, 22013, 35288, 25165, 23025 
1770, 48012, 22004, 34928, 25191, 23038 
1771, 47994, 22097, 35201, 25197, 23026 
1772, 48294, 22074, 35209, 25209, 23123 
1773, 48211, 22130, 35098, 25306, 23086 
1774, 48123, 22063, 35495, 25252, 23119 
1775, 48274, 22122, 35256, 25357, 23073 
1776, 48349, 22288, 35312, 25351, 23104 
1777, 48446, 22153, 35597, 25408, 23201 
1778, 48388, 22164, 35240, 25408, 23165 
1779, 48472, 22224, 35322, 25371, 23240 
1780, 48415, 22176, 35355, 25394, 23203 
1781, 48174, 22348, 35411, 25430, 23237 
1782, 48235, 22316, 35459, 25432, 23309 
1783, 48449, 22235, 35575, 25490, 23172 
1784, 48315, 22203, 35333, 25426, 23249 
1785, 48441, 22180, 35168, 25422, 23224 
1786, 48305, 22237, 35260, 25469, 23294 
1787, 48428, 22260, 35454, 25500, 23248 
1788, 48809, 22347, 35372, 25606, 23364 
1789, 48678, 22393, 35542, 25565, 23280 
1790, 48677, 22377, 35497, 25609, 23289 
1791, 48787, 22344, 35469, 25631, 23371 
1792, 48465, 22374, 35434, 25657, 23340 
1793, 48506, 22307, 35565, 25607, 23416 
1794, 48659, 22396, 35608, 25676, 23398 
1795, 48721, 22421, 35655, 25689, 23417 
1796, 48872, 22454, 35614, 25670, 23339 
1797, 48907, 22471, 35684, 25534, 23349 
1798, 48677, 22410, 35722, 25730, 23450 
1799, 48854, 22416, 35682, 25737, 23427 
1800, 48691, 22490, 35721, 25725, 23568 
1801, 48954, 22538, 35801, 25676, 23450 
1802, 48939, 22486, 35804, 25735, 23433 
1803, 49194, 22505, 35985, 25741, 23566 
1804, 49178, 22571, 35747, 25725, 23527 
1805, 49113, 22508, 35800, 25724, 23563 
1806, 49086, 22476, 35690, 25764, 23538 
1807, 49259, 22488, 35740, 25771, 23532 
1808, 49123, 22577, 35880, 25809, 23579 
1809, 49161, 22563, 36239, 25827, 23563 
1810, 49193, 22510, 36244, 25869, 23582 
1811, 49217, 22586, 35890, 25896, 23594 
1812, 49220, 22587, 36015, 25898, 23754 
1813, 49225, 22642, 36046, 25963, 23803 
1814, 49189, 22728, 36061, 25831, 23838 
1815, 49332, 22745, 36088, 25907, 23739 
1816, 49292, 22751, 36098, 25931, 23876 
1817, 49365, 22797, 36305, 26067, 23763 
1818, 49375, 22854, 36068, 26058, 23725 
1819, 49415, 22702, 36017, 26007, 23750 
1820, 49382, 22742, 36180, 25992, 23795 
1821, 49507, 22671, 36008, 26053, 23762 
1822, 49548, 22709, 36052, 26053, 23747 
1823, 49430, 22784, 36205, 26093, 23829 
1824, 49587, 22841, 36108, 26094, 23831 
1825, 49606, 22895, 36189, 26100, 23831 
1826, 49869, 22814, 36529, 26077, 23812 
1827, 50219, 22890, 36532, 26087, 23877 
1828, 49824, 22945, 36348, 26127, 23871 
1829, 49904, 22819, 36250, 26087, 23879 
1830, 49999, 22879, 36434, 26217, 23919 
1831, 50052, 22853, 36375, 26168, 23892 
1832, 50153, 22980, 36286, 26248, 23917 
1833, 49786, 22894, 36320, 26279, 23963 
1834, 49882, 23008, 36296, 26230, 23998 
1835, 49871, 22968, 36350, 26262, 23969 
1836, 49893, 22853, 36610, 26273, 23970 
1837, 49804, 22862, 36626, 26272, 24015 
1838, 49997, 22955, 36618, 26299, 24012 
1839, 50252, 22917, 36549, 26284, 24116 
1840, 50469, 22975, 36693, 26247, 24052 
1841, 50345, 22987, 36609, 26377, 24103 
1842, 50374, 22997, 36692, 26307, 24066 
1843, 50312, 23070, 36865, 26422, 24042 
1844, 50291, 23046, 36807, 26336, 24097 
1845, 50242, 23031, 36795, 26491, 24118 
1846, 50451, 23137, 36578, 26482, 24097 
1847, 50486, 23138, 36670, 26526, 24167 
1848, 50563, 23086, 36697, 26514, 24188 
1849, 50639, 23069, 36779, 26496, 24198 
1850, 50570, 23050, 36754, 26473, 24132 
1851, 50673, 23151, 36694, 26445, 24089 
1852, 50503, 23211, 36888, 26448, 24179 
1853, 50805, 23137, 36905, 26548, 24197 
1854, 50652, 23144, 36919, 26526, 24212 
1855, 50601, 23140, 36875, 26543, 24249 
1856, 50628, 23194, 36826, 26600, 24352 
1857, 50522, 23175, 36890, 26533, 24271 
1858, 50633, 23316, 37154, 26608, 24294 
1859, 50905, 23343, 37111, 26677, 24347 
1860, 50723, 23292, 37068, 26635, 24351 
1861, 50786, 23340, 37089, 26725, 24325 
1862, 51078, 23333, 37099, 26708, 24429 
1863, 51072, 23345, 37051, 26793, 24401 
1864, 51171, 23356, 37101, 26703, 24401 
1865, 51148, 23422, 37156, 26708, 24421 
1866, 51187, 23469, 37113, 26831, 24432 
1867, 51272, 23520, 37104, 26829, 24444 
1868, 51068, 23402, 37256, 26868, 24398 
1869, 51039, 23395, 37286, 26804, 24505 
1870, 51168, 23402, 37119, 26799, 24443 
1871, 51170, 23458, 37226, 26849, 24514 
1872, 51268, 23666, 37051, 26818, 24530 
1873, 51147, 23511, 37142, 26814, 24569 
1874, 51306, 23614, 37257, 26771, 24527 
1875, 51573, 23661, 37324, 26733, 24508 
1876, 51388, 23511, 37335, 26870, 24509 
1877, 51372, 23620, 37468, 26903, 24526 
1878, 51336, 23423, 37417, 26937, 24603 
1879, 51298, 23547, 37469, 26897, 24686 
1880, 51358, 23509, 37378, 26901, 24726 
1881, 51428, 23544, 37556, 26990, 24716 
1882, 51573, 23589, 37333, 26956, 24686 
1883, 51513, 23638, 37282, 27069, 24704 
1884, 51669, 23647, 37470, 27025, 24645 
1885, 51814, 23746, 37528, 27066, 24671 
1886, 52053, 23797, 37522, 27013, 24656 
1887, 51931, 23642, 37615, 27097, 24720 
1888, 51832, 23683, 37717, 27027, 24839 
1889, 51961, 23784, 37703, 27105, 24772 
1890, 51725, 23702, 37612, 27069, 24759 
1891, 51676, 23723, 37631, 27082, 24709 
1892, 51736, 23785, 37499, 27138, 24808 
1893, 51772, 23774, 37798, 27205, 24781 
1894, 51923, 23773, 38065, 27175, 25012 
1895, 51965, 23795, 37648, 27163, 24776 
1896, 52081, 23853, 37721, 27301, 24990 
1897, 52096, 23864, 37695, 27247, 24844 
1898, 52062, 23903, 37664, 27328, 24843 
1899, 52141, 23802, 37780, 27334, 24870 
1900, 52000, 23770, 37887, 27252, 24915 
1901, 52125, 23831, 37938, 27230, 24984 
1902, 52100, 23867, 37957, 27372, 24950 
1903, 52230, 23860, 37833, 27336, 24923 
1904, 52342, 23940, 37836, 27400, 24917 
1905, 52174, 23958, 37876, 27326, 24989 
1906, 52480, 23890, 37836, 27321, 24985 
1907, 52361, 23827, 38219, 27376, 25038 
1908, 52278, 23859, 38278, 27347, 25023 
1909, 52207, 23844, 38109, 27363, 25049 
1910, 52269, 23930, 38036, 27498, 25090 
1911, 52367, 24060, 38038, 27342, 25134 
1912, 52480, 23918, 38237, 27341, 25206 
1913, 52593, 23936, 38213, 27414, 25114 
1914, 52565, 23990, 38230, 27518, 25033 
1915, 52470, 24102, 38207, 27665, 25156 
1916, 52489, 24109, 38237, 27683, 25160 
1917, 52683, 24120, 38406, 27655, 25143 
1918, 52663, 24152, 38449, 27588, 25215 
1919, 52713, 23996, 38249, 27710, 25218 
1920, 52595, 23993, 38269, 27680, 25310 
1921, 52860, 24171, 38300, 27670, 25226 
1922, 52886, 24099, 38333, 27687, 25258 
1923, 52832, 24093, 38246, 27626, 25243 
1924, 52888, 24221, 38402, 27710, 25291 
1925, 52932, 24247, 38482, 27770, 25410 
1926, 52901, 24267, 38332, 27646, 25369 
1927, 52944, 24167, 38447, 27678, 25335 
1928, 53070, 24184, 38468, 27624, 25358 
1929, 53107, 24367, 38454, 27610, 25277 
1930, 53079, 24174, 38585, 27712, 25338 
1931, 52939, 24423, 38751, 27711, 25449 
1932, 53147, 24445, 38810, 27640, 25362 
1933, 53207, 24324, 38541, 27764, 25373 
1934, 53194, 24213, 38539, 27720, 25367 
1935, 53115, 24279, 38683, 27841, 25428 
1936, 53576, 24322, 38684, 27781, 25466 
1937, 53419, 24323, 38734, 27874, 25429 
1938, 53234, 24353, 38759, 27925, 25460 
1939, 53260, 24371, 38786, 27925, 25481 
1940, 53263, 24426, 38866, 27952, 25566 
1941, 53267, 24380, 38889, 27917, 25498 
1942, 53548, 24380, 38863, 27864, 25589 
1943, 53679, 24452, 38871, 27898, 25504 
1944, 53602, 24480, 38878, 27931, 25559 
1945, 53566, 24380, 38697, 27954, 25621 
1946, 53292, 24411, 38782, 27932, 25578 
1947, 53357, 24388, 38685, 27998, 25657 
1948, 53615, 24490, 38876, 28057, 25791 
1949, 53538, 24501, 38732, 28057, 25561 
1950, 53483, 24495, 39202, 28048, 25606 
1951, 53813, 24666, 38898, 28109, 25746 
1952, 53826, 24635, 38830, 28114, 25803 
1953, 53807, 24581, 39167, 28131, 25824 
1954, 53612, 24569, 38937, 28126, 25783 
1955, 53739, 24533, 38977, 28155, 25750 
1956, 53892, 24551, 39014, 28225, 25766 
1957, 53876, 24673, 39048, 28113, 25804 
1958, 54000, 24742, 39040, 28193, 25956 
1959, 54096, 24823, 39216, 28196, 25770 
1960, 54143, 24651, 39344, 28236, 25826 
1961, 54094, 24701, 39324, 28209, 25811 
1962, 54060, 24746, 39329, 28243, 25852 
1963, 54171, 24770, 39340, 28281, 25804 
1964, 54340, 24678, 39620, 28274, 25831 
1965, 54219, 24749, 39429, 28235, 25831 
1966, 54132, 24667, 39221, 28279, 25844 
1967, 54362, 24733, 39285, 28240, 25875 
1968, 54286, 24857, 39282, 28296, 25865 
1969, 54519, 25039, 39471, 28279, 25848 
1970, 54333, 24904, 39171, 28205, 25953 
1971, 54402, 24796, 39307, 28281, 25877 
1972, 54442, 24833, 39239, 28447, 25890 
1973, 54348, 24849, 39496, 28401, 25914 
1974, 54308, 24863, 39626, 28380, 26058 
1975, 54194, 24760, 39466, 28458, 26043 
1976, 54235, 24858, 39468, 28466, 25984 
1977, 54550, 24927, 39385, 28558, 26022 
1978, 54689, 24945, 39510, 28497, 26020 
1979, 54727, 24866, 39486, 28473, 26087 
1980, 54629, 24931, 39436, 28477, 26090 
1981, 54811, 25012, 39658, 28528, 26151 
1982, 54873, 24984, 39647, 28611, 26164 
1983, 54838, 24972, 39629, 28737, 26152 
1984, 54861, 25048, 39622, 28704, 26297 
1985, 54787, 25111, 39694, 28721, 26208 
1986, 54762, 24954, 39648, 28631, 26167 
1987, 54716, 25024, 39650, 28656, 26143 
1988, 55092, 25198, 39701, 28671, 26197 
1989, 54980, 25140, 39691, 28781, 26130 
1990, 54974, 25123, 39811, 28572, 26179 
1991, 55438, 25169, 39858, 28802, 26220 
1992, 55320, 25107, 39878, 28688, 26300 
1993, 55246, 25122, 39950, 28813, 26351 
1994, 55016, 25124, 39896, 28935, 26391 
1995, 55031, 25148, 39813, 28850, 26467 
1996, 55076, 25181, 39879, 28833, 26304 
1997, 55111, 25291, 39855, 28806, 26294 
1998, 55057, 25170, 40022, 28869, 26353 
1999, 55222, 25219, 39964, 28991, 26314 
2000, 55206, 25318, 40056, 29123, 26392 
